step,loss,dom,bl,bc,w_dom,w_bl,w_bc,elapsed_seconds,current_steps_per_second,average_steps_per_second,projected_total_seconds,remaining_seconds
1.0,43.136627197265625,0.1617664396762848,0.16562031209468842,170.6614990234375,1.4394400119781494,1.4394400119781494,0.25,5.456022250000387,0.18328371003251115,0.18328371003251115,2728011.1250001937,2728005.6689779437
1000.0,4.8790283203125,0.8770291209220886,1.077696681022644,7.790284633636475,2.192638635635376,0.496612548828125,0.3107489347457886,65.55735645897221,16.621927169311842,15.253818244270274,32778.678229486104,32713.120873027132
2000.0,2.6190621852874756,0.48147106170654297,0.6153727769851685,3.915238857269287,2.2130491733551025,0.46291491389274597,0.3240358829498291,125.32244237500709,16.732177067475806,15.958833566420006,31330.61059375177,31205.288151376764
3000.0,1.979414463043213,0.33313730359077454,1.3224544525146484,0.9766896367073059,1.7299972772598267,0.25,1.0980706214904785,184.05750479199924,17.025605470552772,16.299253884758773,30676.25079866654,30492.19329387454
4000.0,3.561743974685669,0.9919083714485168,2.301957130432129,1.3196005821228027,2.029252290725708,0.25,0.7376644015312195,243.8408707920462,16.7270608349355,16.404140893227467,30480.108849005774,30236.267978213727
5000.0,1.9855084419250488,0.5348660349845886,0.7566728591918945,0.5336641073226929,1.4340198040008545,1.4340198040008545,0.25,302.75760587502737,16.973106174188906,16.514861734188457,30275.760587502737,29973.00298162771
6000.0,1.106787919998169,0.2449529767036438,0.5570539832115173,0.9744357466697693,2.1913986206054688,0.5221403241157532,0.28646111488342285,362.2410276250448,16.8114067849452,16.563557251749494,30186.75230208707,29824.511274462024
7000.0,1.6362234354019165,0.4778384864330292,0.6825657486915588,0.33182287216186523,1.7843513488769531,1.026473879814148,0.25,421.87161045894027,16.769918261331767,16.592725906312893,30133.686461352878,29711.814850893938
8000.0,1.1949152946472168,0.2529616057872772,0.500866174697876,1.1404556035995483,2.209322452545166,0.41540899872779846,0.3752686083316803,480.7848602089798,16.974110310377654,16.639459063920377,30049.053763061238,29568.268902852258
9000.0,0.8101060390472412,0.10421030223369598,0.49587318301200867,1.0757036209106445,2.2348742485046387,0.4239846467971802,0.34114089608192444,539.2041920840275,17.117621306229367,16.691264890235637,29955.78844911264,29416.58425702861
10000.0,1.6515787839889526,0.33015745878219604,1.3637667894363403,0.8100563287734985,1.9771729707717896,0.25,0.8121147751808167,600.426820209017,16.333830000868986,16.654818977804588,30021.34101045085,29420.914190241834
11000.0,0.654519259929657,0.1533939093351364,0.27419915795326233,0.40247735381126404,1.7961771488189697,1.01523756980896,0.25,658.88876320899,17.105144794802023,16.69477552846194,29949.489236772275,29290.600473563285
12000.0,0.8757843971252441,0.16456031799316406,0.41419291496276855,0.7783336043357849,1.919804573059082,0.8819014430046082,0.25,717.0988131669583,17.17916409145963,16.734095468661867,29879.11721528993,29162.018402122972
13000.0,0.680652916431427,0.11981502920389175,0.2606123983860016,0.9525127410888672,1.9973706007003784,0.779739260673523,0.25,775.3665699169505,17.162150317381712,16.76626321585212,29821.791150651945,29046.424580734994
14000.0,1.1419458389282227,0.1954580843448639,0.42209309339523315,1.7749385833740234,2.1528682708740234,0.5783782005310059,0.2687534689903259,833.5729197500041,17.18025615535389,16.79517132610153,29770.461419643,28936.888499892997
15000.0,0.9578083753585815,0.1458785980939865,0.45361462235450745,0.7122859358787537,2.0094780921936035,0.25,0.7739376425743103,894.022296500043,16.542767746556724,16.778105041364903,29800.743216668103,28906.72092016806
16000.0,0.6205008625984192,0.20942585170269012,0.26155516505241394,0.112702377140522,2.20987606048584,0.46117284893989563,0.3289509415626526,954.0788374169497,16.650975642829398,16.770102608415485,29814.963669279674,28860.884831862724
17000.0,0.8403360843658447,0.1213860735297203,0.2715473771095276,1.051771640777588,2.2194578647613525,0.32045552134513855,0.46008649468421936,1018.3374470419949,15.562116980667499,16.693876916124978,29951.101383588084,28932.76393654609
18000.0,0.563821017742157,0.1446647346019745,0.39275574684143066,0.25403618812561035,2.1542859077453613,0.2691025733947754,0.5766116976737976,1076.4447975419462,17.209526701804077,16.721712103679508,29901.244376165174,28824.799578623228
19000.0,0.45450007915496826,0.1090039312839508,0.10300812125205994,0.42144960165023804,2.201037883758545,0.3835681974887848,0.4153940975666046,1134.3970811669715,17.255575405283494,16.748985267534724,29852.554767551883,28718.15768638491
20000.0,0.7261251211166382,0.2025453746318817,0.2790983021259308,0.2168060839176178,1.5941085815429688,1.2506139278411865,0.25,1193.1103355840314,17.031929330584617,16.76290901478943,29827.758389600785,28634.648054016754
21000.0,0.8793147206306458,0.09946350753307343,0.29997602105140686,0.5070450305938721,1.5723483562469482,0.25,1.2778538465499878,1251.2961673339596,17.186314433001712,16.782597556214917,29792.765888903796,28541.469721569836
22000.0,0.35323789715766907,0.09512215107679367,0.3360348343849182,0.0758339911699295,2.220259428024292,0.3186430335044861,0.46109774708747864,1309.545214709011,17.16766273551644,16.799725395421753,29762.39124338661,28452.8460286776
23000.0,0.74424147605896,0.2749929428100586,0.423532098531723,0.10653995722532272,2.0198628902435303,0.26615697145462036,0.7139802575111389,1367.626858875039,17.217143460014146,16.817452692409812,29731.0186711965,28363.39181232146
24000.0,0.3433718979358673,0.11807598173618317,0.18654844164848328,0.07598792016506195,2.083634376525879,0.25,0.667311429977417,1426.01221716695,17.127581798852226,16.830150338880447,29708.58785764479,28282.57564047784
25000.0,0.5343915820121765,0.24476858973503113,0.20602406561374664,0.06373007595539093,1.4115582704544067,0.6160128712654114,0.9724288582801819,1484.1040008750279,17.214138319890264,16.845180651261636,29682.080017500557,28197.97601662553
26000.0,1.0508701801300049,0.17834511399269104,0.6977370381355286,0.6232078671455383,1.9400384426116943,0.25,0.8511438965797424,1541.7918417919427,17.33467545509727,16.863495638802693,29649.843111383518,28108.051269591575
27000.0,0.40272194147109985,0.08515423536300659,0.20469267666339874,0.24093689024448395,2.0106608867645264,0.25,0.74846351146698,1599.4499619170092,17.343610888299782,16.880803177887067,29619.443739203878,28019.99377728687
28000.0,0.5360346436500549,0.24029876291751862,0.18058453500270844,0.0641971230506897,1.5244617462158203,0.6442540884017944,0.8312839865684509,1657.787169874995,17.141718553280704,16.88998473918177,29603.342319196337,27945.555149321342
29000.0,0.292090505361557,0.09441456198692322,0.09554843604564667,0.11968881636857986,2.149547815322876,0.5239256620407104,0.3265266716480255,1715.7355054590153,17.25675103385987,16.90237213587391,29581.646645845092,27865.911140386077
30000.0,0.24559850990772247,0.07307751476764679,0.12273142486810684,0.09554637223482132,2.202601671218872,0.3108086585998535,0.4865895211696625,1773.9887738339603,17.16641877608543,16.91104275432574,29566.47956389934,27792.490790065378
31000.0,0.4778052270412445,0.11527343839406967,0.15809756517410278,0.31232571601867676,1.5143990516662598,1.0423266887664795,0.4432741403579712,1832.2800517090363,17.155225214707052,16.918811057886668,29552.904059823166,27720.62400811413
32000.0,0.37515032291412354,0.08102686703205109,0.13873867690563202,0.2645663321018219,2.1025402545928955,0.2594786584377289,0.6379812359809875,1890.120266541955,17.28900908975995,16.930139614102536,29533.129164718048,27643.008898176093
33000.0,0.3650783896446228,0.058924999088048935,0.308289110660553,0.2232140302658081,2.0260589122772217,0.25,0.7554210424423218,1949.0786738749593,16.9611094538541,16.931076432329316,29531.495058711505,27582.416384836546
34000.0,0.35993385314941406,0.07270916551351547,0.07704221457242966,0.17840811610221863,1.5804697275161743,0.25,1.2654058933258057,2007.561610499979,17.09900455942886,16.935968401752994,29522.96486029381,27515.40324979383
35000.0,0.3404811918735504,0.19897383451461792,0.05670258030295372,0.0788852721452713,1.1163438558578491,1.3629883527755737,0.5206677913665771,2066.0475445420016,17.098128231678626,16.94055884263726,29514.964922028594,27448.917377486592
36000.0,0.31424203515052795,0.08317050337791443,0.32504764199256897,0.08484990894794464,1.970463514328003,0.25,0.8143282532691956,2124.6465361249866,17.065140081529368,16.943994865921656,29508.97966840259,27384.333132277603
37000.0,0.32987433671951294,0.061219703406095505,0.11651825904846191,0.18770185112953186,1.8082549571990967,0.25,1.0124776363372803,2183.243310000049,17.065785944669226,16.947263656105818,29503.287972973638,27320.04466297359
38000.0,0.24484264850616455,0.05735242739319801,0.2496078610420227,0.07669338583946228,2.2203869819641113,0.33373090624809265,0.44588226079940796,2241.7243734999793,17.09955223371052,16.951236489734473,29496.373335526045,27254.648962026065
39000.0,0.35189029574394226,0.049689460545778275,0.09670388698577881,0.27425265312194824,1.9545843601226807,0.25,0.8408016562461853,2301.9318253749516,16.609239701368107,16.942291500595356,29511.94647916605,27210.0146537911
40000.0,0.6690783500671387,0.183104008436203,0.16304820775985718,0.34931305050849915,0.2544047236442566,1.8069779872894287,0.9386175274848938,2360.139449542039,17.179880029623902,16.948151096648797,29501.743119275492,27141.603669733453
41000.0,0.23996759951114655,0.05318011716008186,0.10249891132116318,0.1606692224740982,2.1160876750946045,0.25070688128471375,0.6332054138183594,2418.0445469169645,17.26963679078501,16.955849739110676,29488.34813313371,27070.303586216745
42000.0,0.4278976023197174,0.1466139554977417,0.15332907438278198,0.10425431281328201,0.6898249387741089,1.7506742477416992,0.5595009326934814,2477.1409429169726,16.92150567015733,16.95503040313186,29489.773129963964,27012.63218704699
43000.0,0.3814193606376648,0.10633338242769241,0.11544903367757797,0.2116403877735138,1.8199868202209473,0.6429315209388733,0.5370817184448242,2535.3776299590245,17.17130645288791,16.959998184055504,29481.135232081677,26945.757602122652
44000.0,0.19874845445156097,0.07318217307329178,0.06736687570810318,0.0336698554456234,2.0918195247650146,0.4477027952671051,0.4604776203632355,2596.5679891669424,16.342443694473385,16.94544498105614,29506.454422351617,26909.886433184674
45000.0,0.25359177589416504,0.04312405735254288,0.16969500482082367,0.24654918909072876,2.225914716720581,0.43262168765068054,0.3414635956287384,2654.8491297919536,17.158209144088936,16.950115731633463,29498.323664355037,26843.474534563084
46000.0,0.23168957233428955,0.04480155557394028,0.19481390714645386,0.1344628483057022,2.08951473236084,0.259310245513916,0.6511748433113098,2712.998740250012,17.19701975856351,16.95540779932723,29489.116741847956,26776.118001597944
47000.0,0.16607438027858734,0.0610969141125679,0.056182991713285446,0.03704345226287842,2.059690237045288,0.25,0.7069512605667114,2770.943886791938,17.257700768371553,16.961729259127754,29478.126455233385,26707.182568441447
48000.0,0.2875153124332428,0.045702286064624786,0.0915265902876854,0.14198695123195648,1.469264268875122,0.25,1.3908666372299194,2828.787917959038,17.28786842520007,16.9683982653008,29466.540812073312,26637.752894114274
49000.0,0.20544911921024323,0.05910763889551163,0.09389542788267136,0.04971685633063316,1.596295714378357,0.9350253343582153,0.4686790406703949,2886.8291241249535,17.229138849069077,16.973640590817002,29457.44004209136,26570.610917966405
50000.0,0.10658731311559677,0.03147564083337784,0.05161059647798538,0.027257148176431656,2.0641326904296875,0.6614397168159485,0.2744276523590088,2945.0416742089437,17.17842627675957,16.977688444232392,29450.416742089437,26505.375067880494
51000.0,0.2760377526283264,0.03930816799402237,0.20972439646720886,0.17747503519058228,1.9684648513793945,0.25,0.8239464163780212,3003.160737875034,17.20605833819465,16.982108002679336,29442.75233210818,26439.591594233145
52000.0,0.16404515504837036,0.04107994958758354,0.25080379843711853,0.02934274449944496,1.4390844106674194,0.25,1.4390844106674194,3060.9212166250218,17.312875890943225,16.988349689488352,29431.934775240596,26371.013558615574
53000.0,0.2054992914199829,0.045653920620679855,0.0978127047419548,0.06512127071619034,1.6855568885803223,1.1477720737457275,0.25,3120.123718042043,16.891178177692517,16.986505917547028,29435.129415490974,26315.00569744893
54000.0,0.15947824716567993,0.03760280832648277,0.06761316955089569,0.11870919913053513,2.202148199081421,0.3530821204185486,0.4447700083255768,3178.815922833979,17.038037735079143,16.98745737748095,29433.48076698129,26254.66484414731
55000.0,0.1497831642627716,0.05035208538174629,0.05319761112332344,0.04564236104488373,1.845521330833435,0.5511648058891296,0.6033139228820801,3236.7637506669853,17.256902241129666,16.99228125273783,29425.125006063507,26188.36125539652
56000.0,0.30318960547447205,0.04951799288392067,0.19560691714286804,0.19457179307937622,1.9853671789169312,0.25,0.8016397356987,3297.386935916962,16.49533913265276,16.983144862380883,29440.954784972877,26143.567849055915
57000.0,0.15016567707061768,0.0604386143386364,0.11751404404640198,0.023649711161851883,1.4364320039749146,0.25,1.4364320039749146,3357.4680141670397,16.64417532318021,16.977079084442515,29451.473808482806,26094.005794315766
58000.0,0.164686381816864,0.07474207133054733,0.11242042481899261,0.020581195130944252,1.4328221082687378,0.25,1.4328221082687378,3416.0808448749594,17.06111081689968,16.978520893911398,29448.972800646203,26032.891955771243
59000.0,0.11591065675020218,0.017295578494668007,0.13322752714157104,0.05788099020719528,1.9514834880828857,0.25,0.8440031409263611,3474.338159292005,17.16522654719918,16.981651553463905,29443.5437228136,25969.205563521595
60000.0,0.1682490110397339,0.05827078968286514,0.10623767971992493,0.04041598364710808,1.4357504844665527,0.25,1.4357504844665527,3532.6491925000446,17.149413155349915,16.984420679919875,29438.743270833704,25906.09407833366
61000.0,0.24395133554935455,0.05122411623597145,0.11709664762020111,0.2329770177602768,2.2190654277801514,0.44578880071640015,0.33514589071273804,3593.1657321669627,16.524408128818685,16.976673091895538,29452.178132516085,25859.012400349122
62000.0,0.12437465786933899,0.04203261062502861,0.09215331077575684,0.020388340577483177,2.069763422012329,0.2565474510192871,0.6736888885498047,3653.591717583942,16.549171570795814,16.96960273410066,29464.449335354373,25810.85761777043
63000.0,0.18781866133213043,0.10093220323324203,0.024420710280537605,0.018259750679135323,1.5422908067703247,0.8983087539672852,0.559400200843811,3712.21085087501,17.05927644877651,16.971018762350255,29461.990879960398,25749.78002908539
64000.0,0.13003358244895935,0.02672983892261982,0.05974829941987991,0.14001864194869995,2.0997986793518066,0.6510921120643616,0.25,3770.7096695839427,17.094362280640322,16.972932314638193,29458.66929362455,25687.959624040606
65000.0,0.16380831599235535,0.03798588737845421,0.05499900132417679,0.1657029688358307,2.1838266849517822,0.49129804968833923,0.3248754143714905,3830.0171569590457,16.861277458532097,16.97120334876219,29461.670438146502,25631.653281187457
66000.0,0.15197615325450897,0.07405747473239899,0.08612553775310516,0.016940904781222343,1.433484435081482,0.25,1.433484435081482,3888.2451494169654,17.173870466557485,16.974238368148306,29456.402647098224,25568.15749768126
67000.0,0.1580984741449356,0.03349504619836807,0.09432259947061539,0.11931852251291275,2.2283146381378174,0.3446703851222992,0.4270147383213043,3946.4772613749374,17.17265553963994,16.97716610602172,29451.32284608162,25504.845584706683
68000.0,0.138936847448349,0.04388195648789406,0.10983888059854507,0.030028892681002617,2.0324156284332275,0.25,0.7423102259635925,4004.3576452089474,17.277010513057604,16.981500161794806,29443.80621477167,25439.448569562723
69000.0,0.11246519535779953,0.0187324620783329,0.03745235502719879,0.06494230777025223,0.5436057448387146,2.0822806358337402,0.37411364912986755,4062.375328999944,17.236124137640644,16.985136628669437,29437.502384057563,25375.12705505762
70000.0,0.07445845752954483,0.0257867444306612,0.04083124175667763,0.015999384224414825,2.039870023727417,0.25,0.7280933856964111,4120.518694209051,17.1988669111874,16.98815251059958,29432.276387207512,25311.75769299846
71000.0,0.14327797293663025,0.013182551600039005,0.09347148984670639,0.0702403336763382,1.437376618385315,0.25,1.437376618385315,4178.607765124994,17.214942229787702,16.99130523629709,29426.815247359114,25248.20748223412
72000.0,0.1221279427409172,0.029930485412478447,0.09284063428640366,0.04277019575238228,1.7285499572753906,0.25,1.1031383275985718,4239.0514724169625,16.544319413923198,16.984931763272044,29437.85744734002,25198.805974923056
73000.0,0.16237200796604156,0.06280456483364105,0.21395732462406158,0.013116256333887577,1.4341609477996826,0.25,1.4341609477996826,4296.8436873339815,17.303368653301327,16.98921471478837,29430.43621461631,25133.59252728233
74000.0,0.1276923418045044,0.01145807933062315,0.09558354318141937,0.1276988387107849,2.1257212162017822,0.25871530175209045,0.6155634522438049,4354.383941167034,17.379137792846727,16.994367285896015,29421.51311599347,25067.129174826438
75000.0,0.07839454710483551,0.03008025884628296,0.01694410853087902,0.019216399639844894,2.0540859699249268,0.6909137964248657,0.25500011444091797,4414.413628875045,16.658424159460537,16.989798941680224,29429.4241925003,25015.010563625256
76000.0,0.10030031949281693,0.013983380049467087,0.201665997505188,0.028066297993063927,2.0069897174835205,0.25,0.7774207592010498,4473.124699041946,17.03256297589624,16.990360232138773,29428.451967381225,24955.32726833928
77000.0,0.1028452217578888,0.032692134380340576,0.14947640895843506,0.01284210104495287,1.4379537105560303,0.25,1.4379537105560303,4530.972786500002,17.28665620492751,16.99414311854198,29421.901211038978,24890.928424538975
78000.0,0.09625617414712906,0.021116022020578384,0.07925853878259659,0.03264820575714111,1.4697707891464233,0.25,1.3907603025436401,4588.6405192499515,17.340719884654746,16.998498721523234,29414.362302884303,24825.72178363435
79000.0,0.07955966144800186,0.028569402173161507,0.059866879135370255,0.01635253056883812,1.4378931522369385,0.25,1.4378931522369385,4647.3519583749585,17.032455938796247,16.998927713584223,29413.61998971493,24766.268031339972
80000.0,0.06723864376544952,0.04208266735076904,0.0198826901614666,0.006831434089690447,1.0881925821304321,0.6424061059951782,1.2694013118743896,4706.632695709006,16.868885998583178,16.997289818883736,29416.454348181287,24709.82165247228
81000.0,0.04956173896789551,0.04581421986222267,0.04022357240319252,0.004522429779171944,0.6548351049423218,0.25,2.1017653942108154,4765.16286445898,17.08520616558862,16.998369689342496,29414.585583080127,24649.422718621146
82000.0,0.15124697983264923,0.03993898630142212,0.21944136917591095,0.02713949978351593,1.4369231462478638,0.25,1.4369231462478638,4823.53562654194,17.131277745240105,16.999978096727972,29411.80260086548,24588.266974323542
83000.0,0.1468087136745453,0.10870436578989029,0.12392871081829071,0.01106521300971508,0.8704444169998169,0.25,1.9164050817489624,4881.446476666955,17.26792125899099,17.003156829996072,29406.30407630696,24524.857599640003
84000.0,0.09831840544939041,0.03261607140302658,0.12907400727272034,0.013418951071798801,1.4347751140594482,0.25,1.4347751140594482,4939.540830875048,17.213376646171408,17.005629242894475,29402.028755208623,24462.487924333574
85000.0,0.04271290823817253,0.006053211633116007,0.061888255178928375,0.017824778333306313,2.2361905574798584,0.35317328572273254,0.4106360673904419,4997.436695375014,17.272390845819267,17.008719705977484,29396.686443382438,24399.249748007423
86000.0,0.1360911726951599,0.04600359871983528,0.15620344877243042,0.03127119317650795,0.7226493954658508,0.25,2.0400829315185547,5055.627580125001,17.18482206098818,17.010746665377127,29393.183605377915,24337.556025252914
87000.0,0.1300996094942093,0.22758714854717255,0.044311024248600006,0.006682391744107008,0.25,1.435534954071045,1.435534954071045,5113.698455250007,17.220336319150647,17.01312675382354,29389.071581896595,24275.373126646587
88000.0,0.05283822864294052,0.01322358101606369,0.023309851065278053,0.0220250952988863,1.7359533309936523,0.25,1.0921745300292969,5172.182147833984,17.098783538062193,17.01409530537373,29387.398567238546,24215.21641940456
89000.0,0.050168368965387344,0.006144706159830093,0.04204639792442322,0.03015829622745514,1.873165249824524,0.25,0.9332993626594543,5230.303844791953,17.20527879155272,17.01621982987112,29383.729465123335,24153.42562033138
90000.0,0.08374422788619995,0.0805869996547699,0.014739729464054108,0.004303026478737593,0.8206703662872314,0.7886737585067749,1.390655755996704,5293.149448666954,15.912011952164326,17.003109561296426,29406.385825927526,24113.23637726057
91000.0,0.07572710514068604,0.022730812430381775,0.04206853732466698,0.023942334577441216,1.82937753200531,0.25,0.9868181347846985,5355.759605166968,15.971849551275017,16.99105387631808,29427.25057784048,24071.490972673513
92000.0,0.15008971095085144,0.06440488249063492,0.05332192778587341,0.013277069665491581,1.4387356042861938,0.9164496064186096,0.6448146104812622,5416.3637450420065,16.50052293559367,16.98556528523667,29436.75948392395,24020.395738881944
93000.0,0.09733560681343079,0.05544700846076012,0.0391056165099144,0.005469849798828363,1.437355875968933,0.25,1.437355875968933,5475.182244291995,17.00145384107535,16.985735971976947,29436.463678989217,23961.281434697223
94000.0,0.08638155460357666,0.029478812590241432,0.03359179571270943,0.018433714285492897,2.20992112159729,0.4401361644268036,0.34994256496429443,5536.820348458947,16.223730653548596,16.97725302323794,29451.172066270996,23914.35171781205
95000.0,0.06723226606845856,0.008389665745198727,0.09503190219402313,0.02187393046915531,1.4365209341049194,0.25,1.4365209341049194,5596.734872916946,16.69044374542281,16.97418265419588,29456.499331141822,23859.764458224876
96000.0,0.11371584236621857,0.04982996731996536,0.1299268752336502,0.006622942630201578,1.4389714002609253,0.25,1.4389714002609253,5656.191651250003,16.8189402123058,16.972550776065777,29459.331516927097,23803.139865677094
97000.0,0.08709549158811569,0.03860105201601982,0.049948498606681824,0.013318920508027077,1.4369877576828003,0.25,1.4369877576828003,5715.84669604199,16.763041641942067,16.970364174946972,29463.127299185515,23747.280603143525
98000.0,0.17237979173660278,0.08103521913290024,0.04129386693239212,0.02214816026389599,1.6877671480178833,0.25,1.1417540311813354,5777.754617249942,16.1530217860319,16.961606453035106,29478.339883928278,23700.585266678336
99000.0,0.08800242096185684,0.09409844875335693,0.014686135575175285,0.00947028398513794,0.6349119544029236,1.1235246658325195,1.2415634393692017,5845.037006583996,14.86273020173302,16.937446228053634,29520.388922141392,23675.351915557396
100000.0,0.08588213473558426,0.019554533064365387,0.016641339287161827,0.0977257564663887,2.23518705368042,0.40165361762046814,0.36315953731536865,5909.672419167007,15.471395014547186,16.921411697147068,29548.362095835033,23638.689676668026
101000.0,0.05572974681854248,0.01265767216682434,0.05681416019797325,0.019236642867326736,1.894787073135376,0.25,0.9119372367858887,5967.604275792022,17.26165978889413,16.924714731791635,29542.595424712985,23574.991148920963
102000.0,0.09923352301120758,0.005915997549891472,0.3239184021949768,0.006760889198631048,1.4399371147155762,0.25,1.4399371147155762,6029.287944084033,16.211746604725086,16.91742058862571,29555.333059235458,23526.045115151424
103000.0,0.06083014979958534,0.011792764067649841,0.08075333386659622,0.01900605671107769,1.7973663806915283,0.25,1.0231423377990723,6087.761156667024,17.101848108323253,16.919192023031215,29552.238624597205,23464.47746793018
104000.0,0.14325912296772003,0.08899766951799393,0.029265146702528,0.00587217602878809,1.4329404830932617,0.25,1.4329404830932617,6145.532818375039,17.309524608347278,16.9228613813666,29545.830857572302,23400.298039197263
105000.0,0.07235952466726303,0.03499402850866318,0.06131448969244957,0.004631354473531246,1.4392517805099487,0.25,1.4392517805099487,6203.521138916956,17.244851905602985,16.925871234853478,29540.57685198551,23337.055713068552
106000.0,0.09080870449542999,0.03666594624519348,0.01437644474208355,0.014982583001255989,2.122898578643799,0.28150004148483276,0.5956013202667236,6261.49505287502,17.249137271003836,16.92886428958036,29535.354022995372,23273.858970120353
107000.0,0.1006368026137352,0.04996314272284508,0.07607652992010117,0.006991627160459757,1.4330260753631592,0.25,1.4330260753631592,6319.358594625024,17.282039255744692,16.93209815486806,29529.71305899544,23210.354464370415
108000.0,0.05249935761094093,0.017732158303260803,0.022392969578504562,0.012134685181081295,2.1995532512664795,0.3688104748725891,0.4316362142562866,6377.403923459002,17.227915149903247,16.934790597585753,29525.018164162047,23147.614240703046
109000.0,0.15044225752353668,0.059061694890260696,0.17764471471309662,0.014802975580096245,1.4354774951934814,0.25,1.4354774951934814,6435.301217417,17.271964398292194,16.93782409205554,29519.73035512385,23084.42913770685
110000.0,0.1084940955042839,0.057762980461120605,0.021252641454339027,0.007195726968348026,1.6442896127700806,0.25,1.139824628829956,6493.028235250036,17.32291113482245,16.94124775290833,29513.76470568198,23020.736470431944
111000.0,0.04840446636080742,0.01200739573687315,0.06483352184295654,0.01036726776510477,1.4389528036117554,0.25,1.4389528036117554,6551.025063666981,17.24232216304845,16.943913192398472,29509.121908409823,22958.096844742842
112000.0,0.027347013354301453,0.00994048360735178,0.03297947347164154,0.0033352829050272703,1.438873291015625,0.25,1.438873291015625,6609.245122959022,17.17621060782213,16.945959472881,29505.558584638493,22896.31346167947
113000.0,0.06530527770519257,0.02403615601360798,0.020605018362402916,0.007627755869179964,2.140209674835205,0.5628765821456909,0.2969137728214264,6667.038332374999,17.30307089890652,16.949055092615016,29500.169612278758,22833.13127990376
114000.0,0.05048263072967529,0.012308064848184586,0.07398106902837753,0.008249268867075443,1.890852928161621,0.27475646138191223,0.8343906402587891,6724.805632708943,17.310831460344332,16.952162817243767,29494.76154696905,22769.955914260107
115000.0,0.01471580658107996,0.004904802888631821,0.008853423409163952,0.0035545662976801395,1.8453110456466675,0.25,0.9710224866867065,6782.655372084002,17.286162579172167,16.955011524441602,29489.80596558262,22707.150593498616
116000.0,0.05658501386642456,0.01810954511165619,0.009933398105204105,0.03912192955613136,2.1931843757629395,0.5035108327865601,0.3033047616481781,6840.423164083972,17.31068412655491,16.958015201320375,29484.58260381022,22644.15943972625
117000.0,0.03191651776432991,0.006756647955626249,0.0523650236427784,0.0063466597348451614,1.4366800785064697,0.25,1.4366800785064697,6899.527524834033,16.91922537202909,16.957682910731545,29485.1603625386,22585.63283770457
118000.0,0.07043807208538055,0.00523984432220459,0.021655142307281494,0.11300534754991531,2.2278873920440674,0.31186091899871826,0.4602515995502472,6959.426345458953,16.694819523441026,16.95542048189006,29489.0946841481,22529.66833868915
119000.0,0.04905622825026512,0.010817679576575756,0.04263531416654587,0.02414574846625328,2.1027486324310303,0.25,0.6481696367263794,7017.636857958976,17.179027585431356,16.95727527779347,29485.869151088136,22468.23229312916
120000.0,0.02459019422531128,0.010295598767697811,0.019151758402585983,0.0028743036091327667,1.5808780193328857,0.25,1.2267906665802002,7076.161117709009,17.08693120205488,16.958347613041834,29484.00465712087,22407.84353941186
121000.0,0.05213676020503044,0.0066587976180016994,0.0687333270907402,0.01769001968204975,1.4355287551879883,0.25,1.4355287551879883,7134.627630791976,17.103807757116385,16.95953962303264,29481.932358644528,22347.304727852552
122000.0,0.058038629591464996,0.006412737537175417,0.16001519560813904,0.006124598905444145,1.4384899139404297,0.25,1.4384899139404297,7193.0897399589885,17.105096176794394,16.960722639433605,29479.875983438476,22286.786243479488
123000.0,0.011648096144199371,0.003265609499067068,0.006686732638627291,0.004382450133562088,2.1011765003204346,0.3677607476711273,0.5310627818107605,7251.03971212497,17.256263680951957,16.963084589693132,29475.77118749988,22224.73147537491
124000.0,0.05713503435254097,0.013940521515905857,0.09753701835870743,0.008822656236588955,1.4387613534927368,0.25,1.4387613534927368,7308.947921709041,17.268708654309147,16.965506024703657,29471.56420043968,22162.61627873064
125000.0,0.024663541465997696,0.0040970067493617535,0.016131561249494553,0.025293324142694473,2.241072416305542,0.40537482500076294,0.3535527288913727,7366.804938541958,17.283988265206634,16.96800730341315,29467.219754167832,22100.414815625874
126000.0,0.03793087974190712,0.015664882957935333,0.028070131316781044,0.00365626672282815,1.7305889129638672,0.25,1.0403714179992676,7424.645813624957,17.28881173677013,16.970506494569424,29462.880212797445,22038.23439917249
127000.0,0.071351557970047,0.030581943690776825,0.0631595253944397,0.00472696078941226,1.6304363012313843,0.25,1.2057995796203613,7482.261006125016,17.356533174803978,16.973478991983463,29457.72049655518,21975.459490430163
128000.0,0.08983957022428513,0.019399696961045265,0.08749879151582718,0.042702071368694305,2.1799018383026123,0.27971339225769043,0.5403847694396973,7539.849453791976,17.364593777264272,16.976466278862592,29452.536928874903,21912.687475082927
129000.0,0.024606861174106598,0.010229912586510181,0.025301191955804825,0.0024671610444784164,1.4398249387741089,0.25,1.4398249387741089,7597.305008749943,17.40475748135354,16.97970528383796,29446.918638565672,21849.61362981573
130000.0,0.06993947178125381,0.05674717202782631,0.029796091839671135,0.0033188301604241133,0.9958512783050537,0.25,1.8014492988586426,7654.523899624939,17.476745611596453,16.98342074630792,29440.476537018996,21785.952637394057
131000.0,0.05742120370268822,0.03938410431146622,0.019298285245895386,0.0032095268834382296,1.1033077239990234,0.48984089493751526,1.4068514108657837,7711.928702709032,17.42014511460104,16.986671564271926,29434.84237675203,21722.913674042997
132000.0,0.08167675882577896,0.0397767648100853,0.08825650066137314,0.0016224582213908434,1.4399458169937134,0.25,1.4399458169937134,7769.504628333962,17.3683703587219,16.989500143756935,29429.941773992276,21660.437145658314
133000.0,0.024343930184841156,0.031419508159160614,0.003697107546031475,0.007674251217395067,0.4284922480583191,2.226090669631958,0.3454171121120453,7826.841615666985,17.44074892166604,16.99280585080117,29424.21660025182,21597.374984584836
134000.0,0.10545307397842407,0.039497293531894684,0.01467072032392025,0.03487759083509445,2.2097973823547363,0.4646095633506775,0.32559290528297424,7884.232536084019,17.424358988032406,16.99594721321548,29418.778119716488,21534.54558363247
135000.0,0.038485556840896606,0.013894307427108288,0.020934689790010452,0.004755381029099226,1.4270603656768799,0.6908586025238037,0.8820808529853821,7941.89243770903,17.343075028179207,16.998467438189454,29414.416435959367,21472.523998250337
136000.0,0.11283249408006668,0.03404755890369415,0.04911379888653755,0.04402667284011841,2.0954222679138184,0.25,0.663462221622467,7999.2405311249895,17.43737133066928,17.001614024584576,29408.972540900697,21409.732009775707
137000.0,0.18280503153800964,0.07397803664207458,0.08576038479804993,0.05102241411805153,0.36162084341049194,0.6170929074287415,2.0212862491607666,8056.483630249975,17.469354652105395,17.004937425255985,29403.224927919615,21346.741297669643
138000.0,0.046938810497522354,0.012675478123128414,0.01768391951918602,0.019711261615157127,1.617051601409912,1.2165908813476562,0.25,8114.151735584019,17.340607849130514,17.007323069250862,29399.100491246445,21284.948755662426
139000.0,0.05561955273151398,0.00948113203048706,0.023543136194348335,0.08029187470674515,2.176133632659912,0.5491301417350769,0.2747363746166229,8172.341256084037,17.185224958155242,17.008589784049843,29396.910993108046,21224.56973702401
140000.0,0.08502651751041412,0.0522228367626667,0.028246212750673294,0.0019757412374019623,1.43850576877594,0.25,1.43850576877594,8230.305737750023,17.25194414335311,17.010303682627566,29393.949063392938,21163.643325642915
141000.0,0.06343543529510498,0.015068624168634415,0.039236512035131454,0.022298313677310944,1.4351272583007812,0.25,1.4351272583007812,8288.079956125002,17.308758614604997,17.012384140406258,29390.354454343982,21102.27449821898
142000.0,0.029130715876817703,0.009457302279770374,0.007497983518987894,0.01695874147117138,2.1267545223236084,0.6121906042098999,0.26105478405952454,8345.903917417047,17.293868798601064,17.014334385477472,29386.98562470791,21041.081707290865
143000.0,0.029505379498004913,0.00957057811319828,0.0071586607955396175,0.014491116628050804,2.0281248092651367,0.5439527034759521,0.4279227554798126,8403.493490834022,17.364254337491516,17.01673240491886,29382.84437354553,20979.350882711507
144000.0,0.02826186828315258,0.008725960738956928,0.0265409704297781,0.006313638761639595,1.4379788637161255,0.25,1.4379788637161255,8460.855434583966,17.433160988394516,17.019555659986374,29377.970258972102,20917.114824388136
145000.0,0.03475061431527138,0.004948925226926804,0.04904951527714729,0.010675040073692799,1.4393423795700073,0.25,1.4393423795700073,8518.340098749963,17.39594402278017,17.022095657025744,29373.586547413666,20855.246448663704
146000.0,0.041866764426231384,0.011188297532498837,0.03363754600286484,0.014086026698350906,2.1422102451324463,0.297482430934906,0.5603072047233582,8577.000821167021,17.047181807450805,17.02226722885339,29373.2904834487,20796.28966228168
147000.0,0.020842453464865685,0.006009749136865139,0.01321493461728096,0.006199989467859268,1.4364533424377441,0.25,1.4364533424377441,8634.39383912494,17.423722180513646,17.024935709314118,29368.686527635848,20734.29268851091
148000.0,0.012976723723113537,0.0036925855092704296,0.012108981609344482,0.002293901052325964,2.2101123332977295,0.3060362935066223,0.4838513731956482,8692.037919249968,17.34783516071434,17.02707712218205,29364.99297043908,20672.955051189114
149000.0,0.023037903010845184,0.005076034460216761,0.034256599843502045,0.005510061979293823,1.790981411933899,0.25,0.9768800735473633,8749.972102500033,17.26096656413774,17.028625720695484,29362.32249161085,20612.350389110816
150000.0,0.03189435973763466,0.01405076403170824,0.012258580885827541,0.006073908414691687,1.4325557947158813,0.25,1.4325557947158813,8807.848110208986,17.278316863678473,17.030266430927465,29359.493700696617,20551.64559048763
151000.0,0.04034475237131119,0.002863201778382063,0.015771199017763138,0.0541154220700264,1.4390534162521362,1.4390534162521362,0.25,8866.01023633394,17.193319203146814,17.031336077324212,29357.64978918523,20491.63955285129
152000.0,0.019503826275467873,0.007316630333662033,0.00656193308532238,0.0036912548821419477,1.9459238052368164,0.479105144739151,0.5749712586402893,8923.728804209037,17.32544719688804,17.033238384419132,29354.371066477095,20430.64226226806
153000.0,0.10918603837490082,0.0196487195789814,0.035862915217876434,0.058124177157878876,0.47777220606803894,2.1024856567382812,0.41974207758903503,8981.95479179197,17.174461808409305,17.034153872586494,29352.79343722866,20370.838645436692
154000.0,0.06299865245819092,0.03153622895479202,0.015713464468717575,0.010101072490215302,1.4144291877746582,0.25,1.4319791793823242,9040.40959770896,17.107233260171437,17.034626400005926,29351.97921334078,20311.56961563182
155000.0,0.07424482703208923,0.03002053126692772,0.015013103373348713,0.009165162220597267,2.148965835571289,0.3303494453430176,0.520685076713562,9098.057872666977,17.34657282855829,17.036602994762415,29348.573782796702,20250.515910129725
156000.0,0.02327735163271427,0.0026672794483602047,0.03658822923898697,0.01097816415131092,1.9856773614883423,0.25,0.8046826124191284,9156.141592917033,17.216528068362663,17.037744383581593,29346.607669605874,20190.46607668884
157000.0,0.1031867042183876,0.03513626381754875,0.014296225272119045,0.04172869026660919,2.177201271057129,0.27873289585113525,0.5440658926963806,9213.826472584042,17.335565329642417,17.039608947179243,29343.39640950332,20129.569936919277
158000.0,0.09529894590377808,0.07910703867673874,0.018427331000566483,0.030884822830557823,0.25,0.8588657379150391,1.9328453540802002,9271.292700125021,17.401525083352656,17.04185221095106,29339.533861155127,20068.241161030106
159000.0,0.04881656542420387,0.01310825813561678,0.03850412741303444,0.016135485842823982,1.9510244131088257,0.25,0.8438546061515808,9329.279494042043,17.24530591277362,17.043116791767485,29337.35689950328,20008.077405461238
160000.0,0.04803476482629776,0.03711278736591339,0.006533701438456774,0.0033585510682314634,1.0934501886367798,0.25,1.7329959869384766,9387.744755542022,17.10417390334173,17.043497044968607,29336.70236106882,19948.957605526797
161000.0,0.05570318549871445,0.010291346348822117,0.08819659799337387,0.013108189217746258,1.4382351636886597,0.25,1.4382351636886597,9445.687071584049,17.25854381234405,17.044816198108517,29334.431899329345,19888.744827745297
162000.0,0.04605007916688919,0.020377328619360924,0.009310637600719929,0.005522394552826881,1.8985713720321655,0.3378192186355591,0.7636095285415649,9503.905871000024,17.176582307288015,17.04562336779057,29333.042811728472,19829.136940728447
163000.0,0.09154140204191208,0.003258372424170375,0.3388657569885254,0.0014812545850872993,1.439980149269104,0.25,1.439980149269104,9561.695054874988,17.304276214795856,17.047186619583226,29330.352929064382,19768.657874189394
164000.0,0.03639499843120575,0.0076463231816887856,0.010389113798737526,0.05249530076980591,2.162461519241333,0.5725221037864685,0.26501649618148804,9619.22362920898,17.382666119871686,17.04919298289422,29326.901308563964,19707.677679354983
165000.0,0.0371042899787426,0.004872552119195461,0.016361379995942116,0.05122435837984085,2.2478339672088623,0.35503602027893066,0.3971298336982727,9676.887534167035,17.3418709802501,17.05093703088106,29323.901618687985,19647.01408452095
166000.0,0.0288161002099514,0.0038265304174274206,0.008031878620386124,0.057497426867485046,1.9201734066009521,0.8832480311393738,0.25,9734.44327720895,17.374460777472155,17.05284989318828,29320.612280749847,19586.169003540897
167000.0,0.05095452442765236,0.025796061381697655,0.02402559109032154,0.005435435101389885,1.4391921758651733,0.25,1.4391921758651733,9791.767090833979,17.444757017411174,17.055144229924323,29316.667936628677,19524.9008457947
168000.0,0.008413410745561123,0.0032247796189039946,0.006259938236325979,0.001542462850920856,1.4365593194961548,0.25,1.4365593194961548,9850.204532125033,17.112316657044918,17.055483411749677,29316.084917038792,19465.88038491376
169000.0,0.01731187477707863,0.004291972611099482,0.027684492990374565,0.002924415748566389,1.439882516860962,0.25,1.439882516860962,9907.877433459042,17.339165827787586,17.05713470266443,29313.246844553374,19405.369411094332
170000.0,0.05204402282834053,0.005405060015618801,0.0621877983212471,0.0367133729159832,2.225935220718384,0.4551301896572113,0.3189345598220825,9965.88877345901,17.238008982391175,17.058187570058095,29311.437568997088,19345.548795538078
171000.0,0.03776505962014198,0.0038157193921506405,0.07729601860046387,0.008993042632937431,1.4397218227386475,0.25,1.4397218227386475,10023.807476334041,17.265580034788755,17.05938590737369,29309.37858577205,19285.57110943801
172000.0,0.0760333389043808,0.010933961719274521,0.04801073670387268,0.03358719125390053,1.4382075071334839,0.25,1.4382075071334839,10082.489419499994,17.041017151936966,17.05927899783799,29309.562265988356,19227.07284648836
173000.0,0.06336659938097,0.03648192808032036,0.017615770921111107,0.003387020668014884,1.4994310140609741,0.25,1.2578974962234497,10140.914226916968,17.11601705185046,17.059605882555157,29309.00065582939,19168.08642891242
174000.0,0.02000926248729229,0.004630274139344692,0.011414715088903904,0.006297661457210779,1.9663764238357544,0.8173646330833435,0.25,10199.258431458962,17.139662933963432,17.06006384378967,29308.213883502765,19108.955452043803
175000.0,0.13260681927204132,0.013583716936409473,0.13769465684890747,0.05464295297861099,1.439072847366333,0.25,1.439072847366333,10257.751208791975,17.09612785706466,17.060269491621764,29307.8605965485,19050.109387756525
176000.0,0.07878060638904572,0.04182416573166847,0.004169082269072533,0.051287636160850525,1.4340951442718506,1.4340951442718506,0.25,10315.792800958967,17.229024268026496,17.061218986837236,29306.229548178882,18990.436747219916
177000.0,0.020441865548491478,0.004830572288483381,0.029587741941213608,0.004264131188392639,1.5953924655914307,0.25,1.2519012689590454,10373.83177716704,17.229800822380568,17.062162159750812,29304.60954001989,18930.77776285285
178000.0,0.010647144168615341,0.002630120376124978,0.005545639432966709,0.0023748446255922318,1.6460627317428589,0.9784331917762756,0.37550413608551025,10431.57925237494,17.316774394029313,17.06357165042628,29302.188911165562,18870.60965879062
179000.0,0.18838590383529663,0.0194467194378376,0.48771920800209045,0.02832043543457985,1.6042884588241577,0.25,1.2449649572372437,10489.430502334028,17.285711211204777,17.064796793321648,29300.08520205036,18810.654699716328
180000.0,0.11631039530038834,0.03892488405108452,0.1603001207113266,0.014023326337337494,1.4398101568222046,0.25,1.4398101568222046,10547.048837834038,17.355586400093447,17.066385371641566,29297.357882872326,18750.309045038288
181000.0,0.04543839022517204,0.01851421594619751,0.007984349504113197,0.0060192979872226715,2.1464121341705322,0.2856167256832123,0.5679713487625122,10605.490414791973,17.111105689700512,17.066631803047112,29296.934847491637,18691.444432699664
182000.0,0.029218675568699837,0.013404126279056072,0.013253762386739254,0.0046694460324943066,1.433321237564087,0.25,1.433321237564087,10663.899144541938,17.120728430164277,17.06692810323064,29296.426221269063,18632.527076727125
183000.0,0.020245123654603958,0.004323097411543131,0.00926159042865038,0.01675979048013687,2.2238564491271973,0.31698596477508545,0.45915743708610535,10722.48108191695,17.070108036859402,17.06694547669778,29296.396398680194,18573.915316763243
184000.0,0.023893948644399643,0.009238896891474724,0.01659579388797283,0.0045053730718791485,1.4365986585617065,0.25,1.4365986585617065,10780.95081916696,17.102864610527263,17.06714028162292,29296.062008605866,18515.111189438907
185000.0,0.03698056563735008,0.01291631069034338,0.011249898932874203,0.010665150359272957,2.1405386924743652,0.28459784388542175,0.5748635530471802,10838.682709084009,17.321449227399654,17.068494849927625,29293.737051578402,18455.054342494393
186000.0,0.011546054854989052,0.0033906158059835434,0.004689485765993595,0.005775351542979479,2.2248241901397705,0.4368702471256256,0.33830565214157104,10896.54327366699,17.282928488640003,17.069633490970922,29291.78299372847,18395.23972006148
187000.0,0.020292632281780243,0.007263295818120241,0.03449897840619087,0.0008480387623421848,1.438467025756836,0.25,1.438467025756836,10954.74020012503,17.183038020418415,17.07023595117899,29290.749198195266,18336.008998070236
188000.0,0.01425328478217125,0.0054552797228097916,0.018948230892419815,0.001045085140503943,1.480169653892517,0.25,1.3793009519577026,11012.430903250002,17.333815430083376,17.071616762155323,29288.38006183511,18275.94915858511
189000.0,0.10404019057750702,0.028396794572472572,0.21465010941028595,0.006588650401681662,1.4399605989456177,0.25,1.4399605989456177,11070.074664958986,17.347930987719696,17.07305557732661,29285.911812060807,18215.83714710182
190000.0,0.10449792444705963,0.0018678626511245966,0.3999384343624115,0.0012663888046517968,1.4399992227554321,0.25,1.4399992227554321,11127.752515209024,17.337678080318806,17.07442718017988,29283.559250550064,18155.80673534104
191000.0,0.06460423022508621,0.0357951857149601,0.030953969806432724,0.00382978655397892,1.4350985288619995,0.25,1.4350985288619995,11185.813312083948,17.223325442022695,17.075200047694715,29282.23380126688,18096.420489182932
192000.0,0.016961533576250076,0.008487633429467678,0.014612345024943352,0.002864606212824583,0.9359800219535828,0.25,1.8725754022598267,11243.52914787503,17.326267328429292,17.076488838585618,29280.02382259122,18036.494674716192
193000.0,0.06905864924192429,0.0030128112994134426,0.1976558268070221,0.010632071644067764,1.4397109746932983,0.25,1.4397109746932983,11301.204275958939,17.338496388688473,17.07782598095046,29277.731284867714,17976.52700890878
194000.0,0.0099102184176445,0.0038572517223656178,0.012627901509404182,0.0008483827114105225,1.435139775276184,0.25,1.435139775276184,11358.71967416699,17.38664829169181,17.07938971688966,29275.05070661596,17916.331032448965
195000.0,0.05126829072833061,0.016808604821562767,0.06252618879079819,0.007943952456116676,1.4397196769714355,0.25,1.4397196769714355,11416.177820291952,17.403972585978817,17.08102335734406,29272.250821261412,17856.073000969463
196000.0,0.02726731076836586,0.02664860151708126,0.010383491404354572,0.0012750126188620925,0.8321139812469482,0.25,1.9582267999649048,11473.546428041998,17.431135933383306,17.08277394694328,29269.251091943876,17795.704663901877
197000.0,0.017292886972427368,0.0036701252683997154,0.025226756930351257,0.002538717119023204,1.1562391519546509,0.36885327100753784,1.474907636642456,11531.042865584022,17.3923819066025,17.08431772359233,29266.606257827465,17735.563392243443
198000.0,0.015008796937763691,0.007207593414932489,0.01156079862266779,0.0012150936527177691,1.438804268836975,0.25,1.438804268836975,11588.343669833965,17.45176203178696,17.086134622967815,29263.49411574233,17675.15044590837
199000.0,0.06529993563890457,0.007025361526757479,0.21128977835178375,0.0016399408923462033,1.4399378299713135,0.25,1.4399378299713135,11645.860771458945,17.38613337160377,17.087616270297392,29260.956712208404,17615.09594074946
200000.0,0.016519276425242424,0.0036667976528406143,0.007058572955429554,0.005162240006029606,1.463869571685791,1.3970251083374023,0.25,11703.639680666965,17.307353387370483,17.08870107564713,29259.099201667414,17555.459521000448
201000.0,0.10244170576334,0.1815735399723053,0.010161097161471844,0.006037491839379072,0.47291117906570435,0.31920403242111206,2.2078847885131836,11761.059409499983,17.415616902477836,17.090297140888726,29256.366690298462,17495.307280798483
202000.0,0.02716073766350746,0.009350557811558247,0.012508285231888294,0.006808759178966284,1.9796874523162842,0.25,0.8110853433609009,11819.427937083994,17.13252057901725,17.090505655203142,29256.009745257412,17436.581808173418
203000.0,0.05507482588291168,0.026787716895341873,0.0035965084098279476,0.04546947404742241,1.438491702079773,1.438491702079773,0.25,11877.085039166966,17.34391712162247,17.091735836745173,29253.904037357064,17376.818998190094
204000.0,0.0057431370951235294,0.001393016311340034,0.0022273159120231867,0.003515399992465973,1.7239898443222046,1.105699062347412,0.25,11935.201515209046,17.20682443436421,17.092296241503963,29252.944890218252,17317.743375009206
205000.0,0.058446165174245834,0.00290432246401906,0.05235987529158592,0.02869415283203125,1.435391902923584,0.25,1.435391902923584,11992.944039999973,17.318259006179296,17.093384186256944,29251.083024390176,17258.138984390203
206000.0,0.09850544482469559,0.012946607545018196,0.25317075848579407,0.011515586636960506,1.439476728439331,0.25,1.439476728439331,12052.33509662503,16.83755192828337,17.09212350540149,29253.240525788908,17200.90542916388
207000.0,0.016919121146202087,0.004321674350649118,0.004936898592859507,0.009479650296270847,2.0535550117492676,0.25,0.718391478061676,12110.606291958946,17.161137578688916,17.092455572388754,29252.672202799386,17142.06591084044
208000.0,0.02303110435605049,0.006468064617365599,0.01756751351058483,0.0064833746291697025,1.4391624927520752,0.25,1.4391624927520752,12168.590369125013,17.246113913928166,17.09318776378174,29251.419156550513,17082.8287874255
209000.0,0.05458443984389305,0.036796845495700836,0.0042234184220433235,0.007843204773962498,1.209669589996338,1.0966157913208008,0.6937146186828613,12226.862787666963,17.160777345805588,17.09350989125476,29250.86791307886,17024.005125411895
210000.0,0.042038921266794205,0.023600880056619644,0.02083107829093933,0.0019832116086035967,1.4396114349365234,0.25,1.4396114349365234,12284.16198574996,17.452251226125494,17.095183232165695,29248.0047279761,16963.842742226137
211000.0,0.00804332084953785,0.0016273760702461004,0.018390296027064323,0.0007683453150093555,1.4382920265197754,0.25,1.4382920265197754,12341.85764391697,17.332326760279624,17.096291829617503,29246.108160940687,16904.250517023716
212000.0,0.006875614169985056,0.0019261704292148352,0.0025102542713284492,0.0033420901745557785,1.756008267402649,1.0587455034255981,0.25,12399.748100333964,17.274004419603365,17.09712151283865,29244.68891588199,16844.940815548027
213000.0,0.05277004837989807,0.01958562433719635,0.04146856814622879,0.003398334141820669,1.8960856199264526,0.3121219873428345,0.7917925119400024,12457.582108499948,17.290864522652242,17.098020959835193,29243.1504894365,16785.56838093655
214000.0,0.046445075422525406,0.006349299103021622,0.14449501037597656,0.0008187273051589727,1.4399114847183228,0.25,1.4399114847183228,12515.071255124989,17.394587651861606,17.09938326658475,29240.820689544365,16725.749434419376
215000.0,0.006873773876577616,0.002584627131000161,0.004871294368058443,0.0012874093372374773,1.5452529191970825,0.28098446130752563,1.1737626791000366,12572.473281709012,17.420987716108627,17.100851613086462,29238.309957462818,16665.836675753806
216000.0,0.012817383743822575,0.006304781883955002,0.00427169119939208,0.0007394707063212991,1.6095435619354248,0.464682400226593,0.9257742166519165,12631.026754625025,17.078406287434984,17.10074756360631,29238.4878579283,16607.461103303274
217000.0,0.1963963359594345,0.0505414716899395,0.46877461671829224,0.0044614095240831375,1.4399734735488892,0.25,1.4399734735488892,12688.517300375039,17.394164326571282,17.102077008917824,29236.21497782267,16547.69767744763
218000.0,0.013984834775328636,0.026729686185717583,0.004007583484053612,0.0011010440066456795,0.25,1.4294277429580688,1.4294277429580688,12750.20464887505,16.210779427483885,17.097764781307582,29243.588644208827,16493.383995333777
219000.0,0.06695900112390518,0.07325022667646408,0.007276342250406742,0.011768168769776821,0.6643369793891907,2.0460076332092285,0.2896554470062256,12812.584454208962,16.030829122455703,17.092570260331673,29252.475922851507,16439.89146864255
220000.0,0.028156524524092674,0.017122605815529823,0.003786970628425479,0.004039905499666929,1.252945899963379,1.403948187828064,0.3431059420108795,12872.004585791961,16.829313119294824,17.091355004863395,29254.55587679991,16382.55129100795
221000.0,0.024255013093352318,0.0099217239767313,0.00258672540076077,0.02512611262500286,1.4369075298309326,1.4369075298309326,0.25,12930.73432679195,17.02714813607299,17.091063385479746,29255.055037990838,16324.320711198889
222000.0,0.029758024960756302,0.00570719363167882,0.027408698573708534,0.013727442361414433,2.2236404418945312,0.46851304173469543,0.3078465163707733,12989.331786583993,17.065586179826,17.090948452736598,29255.25177158557,16265.919985001578
223000.0,0.03555691987276077,0.013107525184750557,0.00773480674251914,0.009189559146761894,2.1343576908111572,0.2571546733379364,0.608487606048584,13047.74306358397,17.119981814477136,17.091078427378694,29255.02929054702,16207.28622696305
224000.0,0.012063328176736832,0.033649954944849014,0.002888140734285116,0.0007795172859914601,0.25,0.7125648260116577,2.043382406234741,13105.88587395905,17.199031033226287,17.09155734715197,29254.209540087166,16148.323666128115
225000.0,0.02203991822898388,0.010311582125723362,0.019317006692290306,0.0016981958178803325,1.4330545663833618,0.25,1.4330545663833618,13163.916073624976,17.23240667371314,17.092178250118643,29253.14683027772,16089.230756652747
226000.0,0.05456555634737015,0.014736315235495567,0.01864542067050934,0.036709051579236984,2.2444052696228027,0.34577038884162903,0.4098242223262787,13222.186599208973,17.16133482541689,17.092483024972633,29252.625219488877,16030.438620279905
227000.0,0.012977483682334423,0.0012481561861932278,0.005854321643710136,0.01103717926889658,1.4386794567108154,1.4386794567108154,0.25,13280.192921750015,17.23950004402483,17.09312517804047,29251.526259361264,15971.33333761125
228000.0,0.025513455271720886,0.007941286079585552,0.00643511489033699,0.019578030332922935,1.4342217445373535,1.4342217445373535,0.25,13338.53800208401,17.13940565812112,17.093327616893045,29251.1798291316,15912.641827047592
229000.0,0.02173537202179432,0.012829956598579884,0.009229796007275581,0.000688303611241281,1.4371614456176758,0.25,1.4371614456176758,13397.021735041984,17.098771733989274,17.093351382793912,29251.139159480314,15854.117424438331
230000.0,0.014554605819284916,0.0023155317176133394,0.0126654002815485,0.01205142680555582,2.2441980838775635,0.40653693675994873,0.3492650091648102,13455.296218000003,17.16016941274974,17.09364076967064,29250.64395217392,15795.347734173916
231000.0,0.029719816520810127,0.012470034882426262,0.0035194591619074345,0.0030057374387979507,2.170239210128784,0.3169330656528473,0.5128276348114014,13514.972762749996,16.75700233968588,17.092154313228274,29253.187798160165,15738.215035410169
232000.0,0.020890699699521065,0.007596307434141636,0.022493822500109673,0.0010826884536072612,1.8800603151321411,0.25,0.9104445576667786,13573.445746083977,17.101915157779636,17.092196361924785,29253.115832077536,15679.670085993559
233000.0,0.021230548620224,0.005811226554214954,0.010654673911631107,0.01103297807276249,2.245610475540161,0.37632834911346436,0.37806135416030884,13636.856838959036,15.7701114215193,17.08604869520548,29263.641285319824,15626.784446360785
234000.0,0.027840353548526764,0.008892807178199291,0.0028863511979579926,0.04360881820321083,1.4379762411117554,1.4379762411117554,0.25,13698.502880583983,16.221641708708294,17.082158688426272,29270.305300393127,15571.802419809143
235000.0,0.03502565249800682,0.004987817257642746,0.01512044109404087,0.024422742426395416,1.4382134675979614,1.4382134675979614,0.25,13762.090135958977,15.726421813658792,17.07589455368907,29281.04284246591,15518.952706506932
236000.0,0.06935696303844452,0.029761970043182373,0.004862693604081869,0.010300785303115845,2.135385751724243,0.570517897605896,0.2940962612628937,13824.42633520905,16.042043179250154,17.0712327786751,29289.038845781884,15464.612510572835
237000.0,0.025043657049536705,0.02174551784992218,0.0036575414706021547,0.003199127269908786,0.8151378035545349,0.7164101004600525,1.468451976776123,13882.225788500044,17.301201708006637,17.072190267667988,29287.396178270134,15405.17038977009
238000.0,0.014561095274984837,0.006353595294058323,0.0022842534817755222,0.008809619583189487,1.4307602643966675,1.4307602643966675,0.25,13940.071696166997,17.287307613141472,17.073082921477454,29285.86490791386,15345.793211746863
239000.0,0.013103698380291462,0.0078057958744466305,0.0038120581302791834,0.0006364102009683847,1.439278244972229,0.25,1.439278244972229,13997.799089208944,17.322798541644897,17.07411275707248,29284.098512989425,15286.29942378048
240000.0,0.06336773931980133,0.02509577013552189,0.009860974736511707,0.01252331119030714,2.107789993286133,0.26379212737083435,0.6284181475639343,14055.611397958943,17.297354518816352,17.075030975518512,29282.523745747796,15226.912347788855
241000.0,0.022156311199069023,0.03169451653957367,0.012777688913047314,0.0005046724108979106,0.5546565651893616,0.27235695719718933,2.1729865074157715,14115.367248791968,16.73476297399353,17.073590488453316,29284.99429209952,15169.627043307552
242000.0,0.023927750065922737,0.014619113877415657,0.005628047976642847,0.0010665507288649678,1.4357528686523438,0.25,1.4357528686523438,14179.995451458963,15.473121001873428,17.0662960244533,29297.511263344964,15117.515811886002
243000.0,0.021324189379811287,0.006151337176561356,0.00714248139411211,0.013446340337395668,1.977336049079895,0.8119509220123291,0.25,14240.983352749958,16.39669473505315,17.06342841508036,29302.43488220156,15061.451529451602
244000.0,0.04608656093478203,0.02118152193725109,0.002277208026498556,0.004353409167379141,1.9926273822784424,0.25,0.760410487651825,14298.796544375014,17.297090367980836,17.064373161948854,29300.812590932404,15002.016046557392
245000.0,0.0109390364959836,0.00512317568063736,0.007584935054183006,0.001167898066341877,1.4374021291732788,0.25,1.4374021291732788,14356.782331041992,17.245605474720545,17.065105143390323,29299.555777636717,14942.773446594727
246000.0,0.00905280839651823,0.0055833738297224045,0.0034128755796700716,0.001086342497728765,1.14022696018219,0.25,1.6875678300857544,14415.953984459047,16.8999840675698,17.06442738823927,29300.71948060782,14884.765496148771
247000.0,0.047120351344347,0.02694927342236042,0.0032445616088807583,0.015717079862952232,1.4304603338241577,1.4304603338241577,0.25,14477.102010375005,16.353757705512894,17.06142567918549,29305.87451492916,14828.772504554156
248000.0,0.01636749878525734,0.003278561169281602,0.002066228073090315,0.034720249474048615,1.4383047819137573,1.4383047819137573,0.25,14535.883064834052,17.01228413138984,17.06122695771915,29306.21585652027,14770.332791686214
249000.0,0.052513957023620605,0.017342617735266685,0.008627938106656075,0.06080801784992218,1.4367021322250366,1.4367021322250366,0.25,14594.386582750012,17.092989201717543,17.06135428085125,29305.997154116492,14711.610571366478
250000.0,0.021676894277334213,0.007324933540076017,0.006248725578188896,0.00892989058047533,1.432511329650879,1.432511329650879,0.25,14652.589287208975,17.18133219574132,17.061830854580652,29305.178574417947,14652.589287208973
251000.0,0.03598133847117424,0.015102122910320759,0.003647272475063801,0.003325293306261301,2.195650577545166,0.4585864245891571,0.3457629084587097,14710.408107249998,17.29540656987644,17.062748916958675,29303.60180727091,14593.193700020913
252000.0,0.01630035787820816,0.00611713295802474,0.00723576033487916,0.003954940475523472,1.4387719631195068,0.25,1.4387719631195068,14768.315815999988,17.26885800848014,17.06355708665055,29302.213920634895,14533.898104634909
253000.0,0.012200449593365192,0.0034114287700504065,0.004095524549484253,0.007648481521755457,1.6618101596832275,1.1278607845306396,0.25,14826.41676212498,17.211423680583515,17.064136538121907,29301.2188974802,14474.80213535522
254000.0,0.039383724331855774,0.0222324226051569,0.007792439311742783,0.005246344953775406,1.1627882719039917,1.5291961431503296,0.3080156147480011,14884.347689292044,17.261936739181525,17.06490639040435,29299.89702616544,14415.549336873397
255000.0,0.04068192094564438,0.017740288749337196,0.004400475416332483,0.028610248118638992,1.5730005502700806,1.2780156135559082,0.25,14942.72452066699,17.130083569920792,17.065161018481902,29299.459844445082,14356.73532377809
256000.0,0.15006206929683685,0.03411195054650307,0.056569769978523254,0.04194103926420212,0.25,1.4367365837097168,1.4367365837097168,15000.58055629197,17.284281392557748,17.066006148183458,29298.008899007753,14297.428342715784
257000.0,0.05060812830924988,0.03591235727071762,0.002179307397454977,0.009173758327960968,1.2482757568359375,1.599666714668274,0.25,15059.825879874988,16.878969335001457,17.06527034575073,29299.272139834604,14239.446259959617
258000.0,0.014147598296403885,0.0046921782195568085,0.01249695848673582,0.0015347471926361322,2.096327543258667,0.26676616072654724,0.6369063854217529,15123.225861834013,15.772875150757965,17.05985233290115,29308.5772516163,14185.35138978229
259000.0,0.04024852067232132,0.0021022071596235037,0.09611935168504715,0.012698211707174778,2.225874662399292,0.3085460364818573,0.4655793011188507,15181.323449208983,17.21241871105342,17.060436190989336,29307.57422627217,14126.250777063186
260000.0,0.014400320127606392,0.0017020227387547493,0.04417954385280609,0.0006283048423938453,1.4398977756500244,0.25,1.4398977756500244,15239.156304250006,17.29120928390398,17.061311978766785,29306.069815865398,14066.91351161539
261000.0,0.03195292130112648,0.007301541976630688,0.02164977788925171,0.018200457096099854,2.1616148948669434,0.2640538811683655,0.5743313431739807,15297.130437041982,17.249072160996583,17.06202356541256,29304.847580540194,14007.717143498212
262000.0,0.22723567485809326,0.004270907957106829,0.7160788178443909,0.029216451570391655,1.4398261308670044,0.25,1.4398261308670044,15354.884569542017,17.314778297455998,17.0629742485791,29303.214827370262,13948.330257828244
263000.0,0.01056615263223648,0.00374614167958498,0.010358721949160099,0.0018154466524720192,1.4342076778411865,0.25,1.4342076778411865,15417.432904249988,15.98763587661994,17.058611614096993,29310.708943441045,13893.276039191056
264000.0,0.012715880759060383,0.003420769702643156,0.006884865928441286,0.0053197103552520275,2.1540451049804688,0.5412577390670776,0.30469730496406555,15475.653373374953,17.17608969885831,17.0590535747071,29309.9495707859,13834.296197410944
265000.0,0.028906850144267082,0.011061517521739006,0.04540766030550003,0.001132120960392058,1.4396798610687256,0.25,1.4396798610687256,15534.242810709053,17.067922914118643,17.059087026585765,29309.89209567746,13775.649284968405
266000.0,0.6333522796630859,0.005623992066830397,2.4281554222106934,0.012649224139750004,1.4399985074996948,0.25,1.4399985074996948,15594.292404833948,16.65290189838964,17.057522912520533,29312.57970833449,13718.287303500541
267000.0,0.04718853533267975,0.021139055490493774,0.05203792452812195,0.002597210695967078,1.439950704574585,0.25,1.439950704574585,15653.127810125006,16.99656856365671,17.057293803433637,29312.973427200384,13659.84561707538
268000.0,0.03800717368721962,0.02005569078028202,0.024178624153137207,0.0021773716434836388,1.4376120567321777,0.25,1.4376120567321777,15711.092780458974,17.251798702534693,17.058011415560543,29311.740262050324,13600.64748159135
269000.0,0.05728504806756973,0.01209212001413107,0.15152572095394135,0.001383627881295979,1.4398916959762573,0.25,1.4398916959762573,15768.707255125046,17.356749424444182,17.059102921234796,29309.86478647778,13541.157531352736
270000.0,0.023574121296405792,0.014725669287145138,0.0029887512791901827,0.005277692340314388,1.1766685247421265,1.6486707925796509,0.25,15826.254928292008,17.376897187462514,17.060258489665234,29307.879496837053,13481.624568545045
271000.0,0.2690752446651459,0.01618054322898388,0.8270555734634399,0.027093932032585144,1.4399101734161377,0.25,1.4399101734161377,15884.248254208942,17.2433635110416,17.06092700535523,29306.731096326464,13422.48284211752
272000.0,0.0821714997291565,0.029153313487768173,0.04082505404949188,0.010540596209466457,2.187102794647217,0.32497814297676086,0.4879191219806671,15942.042444749968,17.302777158720357,17.061803777192615,29305.22508226097,13363.182637511003
273000.0,0.02775662951171398,0.011643124744296074,0.0026198921259492636,0.009069499559700489,2.0183935165405273,0.7591326832771301,0.25,15999.682543250034,17.349033503106583,17.062838544579346,29303.44788141032,13303.765338160285
274000.0,0.0437709204852581,0.01779351197183132,0.024908069521188736,0.007955437526106834,1.5026718378067017,0.25,1.3583283424377441,16057.715215499979,17.231672456733193,17.063448711278483,29302.400028284632,13244.684812784655
275000.0,0.04543689638376236,0.015355119481682777,0.07394251972436905,0.0033614905551075935,1.439965009689331,0.25,1.439965009689331,16117.293357459013,16.784679198078837,17.062418229964848,29304.169740834568,13186.876383375555
276000.0,0.02706385776400566,0.01829005405306816,0.002533873077481985,0.00537446141242981,1.1893950700759888,1.5652490854263306,0.25,16177.66131495894,16.565079247566494,17.060562378369987,29307.35745463576,13129.69613967682
277000.0,0.041260190308094025,0.013731327839195728,0.024228336289525032,0.010286505334079266,1.7772853374481201,0.25,1.0497848987579346,16236.186871084035,17.086552716603663,17.06065606409873,29307.19651820223,13071.009647118193
278000.0,0.012526778504252434,0.0039691440761089325,0.0027437882963567972,0.011021187528967857,1.6004291772842407,1.2461414337158203,0.25,16293.981058666948,17.302778044338407,17.061514862393235,29305.72132853768,13011.740269870728
279000.0,0.04503384605050087,0.02773701772093773,0.017771393060684204,0.0004688194312620908,1.4390991926193237,0.25,1.4390991926193237,16354.404335333966,16.549913463164728,17.05962469065387,29308.96834289241,12954.564007558445
280000.0,0.011034609749913216,0.0035439119674265385,0.006140502169728279,0.0028557025361806154,2.1887381076812744,0.2926180362701416,0.5186437368392944,16420.320448750048,15.170797369191064,17.052042368717245,29322.00080133937,12901.680352589325
281000.0,0.04053933918476105,0.02176159992814064,0.003785125445574522,0.0031663395930081606,1.6357287168502808,1.007645845413208,0.356625497341156,16484.436951459036,15.596608638165998,17.046381434042775,29331.73834779188,12847.301396332843
282000.0,0.02726360782980919,0.0025331065990030766,0.013490469194948673,0.016843406483530998,1.438677430152893,1.438677430152893,0.25,16550.456619250006,15.147001393072443,17.038804818956045,29344.78123980498,12794.32462055497
283000.0,0.01769680716097355,0.0033111514057964087,0.003715222468599677,0.030330853536725044,1.439447045326233,1.439447045326233,0.25,16611.410602750024,16.405818661543396,17.036482136751786,29348.781983657285,12737.371380907261
284000.0,0.03928463160991669,0.0024009000044316053,0.032604582607746124,0.025064263492822647,1.7566015720367432,0.25,1.073881983757019,16670.447540667024,16.938547886848216,17.03613531113613,29349.379473005327,12678.9319323383
285000.0,0.02281714417040348,0.03201110288500786,0.0034134075976908207,0.0031859867740422487,0.44619470834732056,1.7481688261032104,0.805636465549469,16729.041000458994,17.066751196300828,17.03624254326237,29349.194737647354,12620.153737188362
286000.0,0.010452539660036564,0.0033836341463029385,0.008408080786466599,0.0024176896549761295,1.4394162893295288,0.25,1.4394162893295288,16787.230404083966,17.185259475160596,17.036759079116614,29348.304902244698,12561.074498160731
287000.0,0.020413976162672043,0.008419690653681755,0.004392279777675867,0.004800262860953808,1.5485821962356567,0.25,1.3077040910720825,16845.15602258395,17.263518731358765,17.037538839962366,29346.961711818727,12501.805689234778
288000.0,0.016890520229935646,0.0031077293679118156,0.0099369827657938,0.006151436362415552,1.846859335899353,0.9674086570739746,0.25,16903.097373959026,17.258831150254174,17.038297397712082,29345.65516312331,12442.557789164282
289000.0,0.03214925900101662,0.009797729551792145,0.0019485850352793932,0.03614470735192299,0.25,2.062230348587036,0.710516095161438,16961.342480459018,17.16882430286479,17.038745625999464,29344.883184185153,12383.540703726134
290000.0,0.018176492303609848,0.03683014214038849,0.006701480597257614,0.001182836014777422,0.3440299928188324,0.4284098148345947,2.227560043334961,17021.15544754197,16.7187827116678,17.037621264535186,29346.81973714133,12325.664289599357
291000.0,0.007710371632128954,0.0014220952289178967,0.004598733503371477,0.0031405745539814234,1.4379055500030518,0.25,1.4379055500030518,17079.57504575001,17.117543267566383,17.037894632654275,29346.348875859123,12266.773830109114
292000.0,0.09274207800626755,0.1478089988231659,0.030979206785559654,0.007818048819899559,0.25,1.4379839897155762,1.4379839897155762,17137.43749083404,17.28236680195215,17.0387200627968,29344.927210332262,12207.48971949822
293000.0,0.0804581567645073,0.03245626017451286,0.00990931037813425,0.017691202461719513,1.9506412744522095,0.25,0.8292427659034729,17195.109384750016,17.339468709956442,17.039728764962415,29343.190076365212,12148.080691615198
294000.0,0.012987304478883743,0.0049634636379778385,0.0016510332934558392,0.013983957469463348,1.434926152229309,1.434926152229309,0.25,17254.336476000026,16.884165318516025,17.039194779175673,29344.109653061267,12089.77317706124
295000.0,0.05421362444758415,0.02567690797150135,0.04681609570980072,0.003922506235539913,1.4361635446548462,0.25,1.4361635446548462,17312.95444462495,17.05961539538606,17.039263919023764,29343.990584110084,12031.036139485133
296000.0,0.022535324096679688,0.009784240275621414,0.0030606749933212996,0.016453035175800323,1.434191346168518,1.434191346168518,0.25,17371.31351024995,17.1352983343789,17.039586547404436,29343.434983530322,11972.121473280371
297000.0,0.03706342354416847,0.014073221012949944,0.009371829219162464,0.014949028380215168,1.3823603391647339,1.4801703691482544,0.25,17429.518907916965,17.180537202423693,17.040057248229292,29342.624424102636,11913.105516185671
298000.0,0.033184122294187546,0.02010602131485939,0.01782672479748726,0.001743219792842865,0.25,1.438819408416748,1.438819408416748,17487.363369624945,17.287739750235023,17.04087652902653,29341.213707424402,11853.850337799458
299000.0,0.00808778963983059,0.0026102017145603895,0.010321917943656445,0.0012159376638010144,1.439390778541565,0.25,1.439390778541565,17545.092682874994,17.322222346013287,17.041802252309612,29339.619871028422,11794.527188153426
300000.0,0.011105746030807495,0.0026986629236489534,0.007442838046699762,0.005875846836715937,2.1943297386169434,0.2871713936328888,0.5184987783432007,17602.959639042034,17.281019535801878,17.042588641436335,29338.266065070053,11735.306426028023
301000.0,0.017269952222704887,0.004928712733089924,0.00863134115934372,0.004945294465869665,2.1002421379089355,0.6583148241043091,0.25,17660.834262166987,17.27873022759845,17.043362478340093,29336.933990310612,11676.099728143625
302000.0,0.01976161077618599,0.0022566034458577633,0.004392761271446943,0.04100630059838295,1.4463629722595215,1.4219226837158203,0.25,17718.638073334005,17.299897356432318,17.044199376390026,29335.49349889736,11616.855425563353
303000.0,0.05339241027832031,0.01008674968034029,0.020590053871273994,0.03743813559412956,1.435380220413208,1.435380220413208,0.25,17776.621704709018,17.24624650588775,17.044858411974612,29334.359248694753,11557.737543985731
304000.0,0.08786261081695557,0.13119497895240784,0.005112212151288986,0.03314012661576271,0.25,1.4394901990890503,1.4394901990890503,17834.404190249974,17.306282182880476,17.045705410567965,29332.901628700616,11498.497438450642
305000.0,0.07089600712060928,0.02610400691628456,0.03275209292769432,0.01755279116332531,1.4363853931427002,0.25,1.4363853931427002,17892.039912499953,17.350350806098586,17.046686766382475,29331.212971311397,11439.173058811446
306000.0,0.029268991202116013,0.016583383083343506,0.019154222682118416,0.0004268528427928686,1.4391590356826782,0.25,1.4391590356826782,17949.946338249953,17.269240624819762,17.047404723875836,29329.977676879007,11380.031338629055
307000.0,0.010760837234556675,0.0030795868951827288,0.016318969428539276,0.0015682743396610022,1.4374558925628662,0.25,1.4374558925628662,18008.13881170901,17.184352899238252,17.04784726561451,29329.216305715,11321.077494005991
308000.0,0.013450011610984802,0.0038067554123699665,0.010431510396301746,0.0033653455320745707,2.2309746742248535,0.3352879583835602,0.4337374269962311,18065.850786583964,17.327426451212766,17.048740390833213,29327.67984835059,11261.829061766626
309000.0,0.021001186221837997,0.0025209023151546717,0.004377260338515043,0.04427877813577652,1.4397298097610474,1.4397298097610474,0.25,18123.85281291697,17.24077697318166,17.04935496826447,29326.622674622933,11202.769861705961
310000.0,0.011872852221131325,0.003950623795390129,0.004074161406606436,0.0038022296503186226,2.190856695175171,0.5187019109725952,0.2904415726661682,18182.69081804203,16.995817548106107,17.049181724654208,29326.920674261335,11144.229856219306
311000.0,0.017354203388094902,0.0028122165240347385,0.011121273040771484,0.005165478214621544,1.836505651473999,0.9799401164054871,0.25,18245.052503542043,16.035487045964565,17.045716910906304,29332.88183849203,11087.829334949987
312000.0,0.024583790451288223,0.0055525293573737144,0.01293140184134245,0.007612302433699369,1.8548117876052856,0.9574999809265137,0.25,18308.570299249957,15.74361938815525,17.041199553019258,29340.657530849287,11032.087231599333
313000.0,0.0249189306050539,0.004426737315952778,0.017130538821220398,0.01083266083151102,1.59879469871521,0.25,1.2516639232635498,18371.672625708976,15.847276259290455,17.03709871043498,29347.71984937536,10976.047223666385
314000.0,0.01619226671755314,0.004549641162157059,0.007040371652692556,0.002616096520796418,1.5074076652526855,1.2271702289581299,0.2654220759868622,18436.654829000006,15.388828777032689,17.03128918517759,29357.73061942676,10921.075790426754
315000.0,0.008004264906048775,0.002374462317675352,0.014634687453508377,0.0006446980405598879,1.439338207244873,0.25,1.439338207244873,18495.43191420904,17.01343298061888,17.03123243950862,29357.828435252442,10862.396521043403
316000.0,0.08793223649263382,0.02898717112839222,0.17339278757572174,0.0019743158482015133,1.4399837255477905,0.25,1.4399837255477905,18553.449717459036,17.236088648358987,17.031873037747793,29356.724236485818,10803.274519026781
317000.0,0.05807570368051529,0.026648836210370064,0.003533837152644992,0.014109969139099121,1.8790204524993896,0.7389271259307861,0.38205233216285706,18611.569511084002,17.205842237719715,17.032416304880286,29355.787872372246,10744.218361288242
318000.0,0.04835381731390953,0.018549146130681038,0.009162424132227898,0.008936922065913677,2.2319142818450928,0.39640024304389954,0.37168562412261963,18669.50696970895,17.25999075094773,17.033122541262134,29354.57070708954,10685.063737380593
319000.0,0.06312404572963715,0.006734615191817284,0.09534941613674164,0.02475593611598015,1.7158268690109253,0.25,1.1201863288879395,18730.86075250001,16.298913522666698,17.030717606366434,29358.715913009426,10627.855160509413
320000.0,0.044659122824668884,0.019096003845334053,0.008438627235591412,0.007671521045267582,1.7872642278671265,1.0205023288726807,0.25,18794.650419209036,15.67652022013979,17.026121415535595,29366.64128001412,10571.990860805083
321000.0,0.024374324828386307,0.002456307178363204,0.008102908730506897,0.036693982779979706,1.4395794868469238,1.4395794868469238,0.25,18858.18284533394,15.739993905380018,17.021788505960142,29374.116581517043,10515.9337361831
322000.0,0.018909288570284843,0.02188970148563385,0.009424281306564808,0.0006277477950789034,0.42752784490585327,0.902169942855835,1.6703020334243774,18921.33713137498,15.834238065016656,17.017824785018288,29380.95827853258,10459.621147157599
323000.0,0.01826467551290989,0.008020220324397087,0.00639413483440876,0.003575526177883148,1.4372633695602417,0.25,1.4372633695602417,18980.83325783396,16.807816903667742,17.01716650751822,29382.09482636836,10401.261568534399
324000.0,0.05407733842730522,0.026415947824716568,0.05709511414170265,0.001236516167409718,1.4394217729568481,0.25,1.4394217729568481,19040.756442500046,16.688031612011255,17.016130686741715,29383.88339891982,10343.126956419777
325000.0,0.027742549777030945,0.007714946288615465,0.010833068750798702,0.004508528858423233,1.434946894645691,1.434946894645691,0.25,19099.865123084048,16.917988865930617,17.015826965563534,29384.407881667765,10284.542758583719
326000.0,0.008481504395604134,0.0021623175125569105,0.01191236637532711,0.0015318830264732242,1.9203376770019531,0.25,0.8819425106048584,19159.021265042014,16.904415448704377,17.01548296701497,29385.001940248487,10225.980675206472
327000.0,0.0158432275056839,0.004029212053865194,0.02006611041724682,0.0034930489491671324,1.8040170669555664,0.25,1.018574833869934,19219.186359417043,16.620932957682744,17.014247839881946,29387.13510614227,10167.948746725226
328000.0,0.04300419241189957,0.01231615711003542,0.06049031764268875,0.007048717699944973,1.4398033618927002,0.25,1.4398033618927002,19281.932737958967,15.937174753947735,17.010742878191344,29393.190149327693,10111.257411368726
329000.0,0.03757919371128082,0.020146925002336502,0.016331730410456657,0.0032243269961327314,1.4332249164581299,0.25,1.4332249164581299,19348.135249500046,15.105167111061698,17.004222668357734,29404.46086550159,10056.325616001544
330000.0,0.04298824816942215,0.018188584595918655,0.00548598961904645,0.013941468670964241,1.8987091779708862,0.9055881500244141,0.25,19407.41754379205,16.868442963330086,17.003807912895592,29405.17809665462,9997.760552862572
331000.0,0.008403579704463482,0.023165220394730568,0.0013484747614711523,0.0004729924548882991,0.25,1.434159517288208,1.434159517288208,19466.861288874992,16.82262782408283,17.003254663819963,29406.13487745467,9939.27358857968
332000.0,0.015201941132545471,0.005337221547961235,0.018621928989887238,0.001996216829866171,1.438132882118225,0.25,1.438132882118225,19526.460194666986,16.77883153576837,17.002569676744326,29407.319570281605,9880.85937561462
333000.0,0.020515527576208115,0.010367931798100471,0.006494275759905577,0.0024656117893755436,1.4995777606964111,0.25,1.3564337491989136,19585.66382883396,16.890854996834694,17.002231985099137,29407.90364689784,9822.23981806388
334000.0,0.009325003251433372,0.004571485333144665,0.0018705808324739337,0.005885062739253044,0.9655680656433105,1.838818073272705,0.25,19645.024791124975,16.846088092331293,17.00176016835016,29408.719747193074,9763.6949560681
335000.0,0.05664469301700592,0.02550012245774269,0.054020337760448456,0.0044630118645727634,1.4397562742233276,0.25,1.4397562742233276,19704.517637624987,16.808743552046998,17.001177403111402,29409.727817350726,9705.21017972574
336000.0,0.01049245148897171,0.005126930307596922,0.006882109679281712,0.0009666528203524649,1.4395346641540527,0.25,1.4395346641540527,19764.044147499953,16.79923788746352,17.000569189808363,29410.77998139874,9646.735833898787
337000.0,0.03983433544635773,0.012067570351064205,0.08234976977109909,0.0012985559878870845,1.439975380897522,0.25,1.439975380897522,19823.75978891703,16.74603129548002,16.99980243850656,29412.106511746333,9588.346722829305
338000.0,0.38869503140449524,0.0014516741503030062,1.4865531921386719,0.010393565520644188,1.4399656057357788,0.25,1.4399656057357788,19883.08808479202,16.855363621214817,16.99937145369919,29412.852196437903,9529.76411164588
339000.0,0.05772111192345619,0.019739454612135887,0.036270029842853546,0.004049187060445547,1.6291331052780151,0.6210892200469971,0.7497777342796326,19942.498212749953,16.83214688088314,16.998873279741108,29413.714178097278,9471.215965347323
340000.0,0.025128809735178947,0.0048395260237157345,0.0100542102009058,0.003020848846063018,0.3228580355644226,2.2008094787597656,0.47633254528045654,20001.876559708966,16.841155929960056,16.998405073896084,29414.52435251318,9412.647792804219
341000.0,0.0325794592499733,0.0067234220914542675,0.006177252158522606,0.01817941851913929,1.776173710823059,0.25,1.050263524055481,20061.728226208943,16.707972534071114,16.997538604600997,29416.023792095224,9354.295565886281
342000.0,0.09096229076385498,0.026811787858605385,0.11130613833665848,0.011788512580096722,2.0377323627471924,0.25,0.7210841774940491,20122.096633333946,16.56495587053234,16.99624081088291,29418.269931774776,9296.173298440828
343000.0,0.013140039518475533,0.0034216532949358225,0.012074124999344349,0.001882550772279501,2.210019826889038,0.4014040529727936,0.38857629895210266,20184.728497167,15.966313930325992,16.993045016589708,29423.802474004377,9239.073976837375
344000.0,0.010316543281078339,0.0015509914373978972,0.0031370949000120163,0.014273913577198982,1.4394071102142334,1.4394071102142334,0.25,20242.730844417005,17.240681582932698,16.993754580048474,29422.573901768905,9179.843057351898
345000.0,0.007296659983694553,0.00656537851318717,0.0020707265939563513,0.0012308938894420862,0.3855229914188385,1.8425240516662598,0.7719528675079346,20300.607592500048,17.278095835052387,16.994565232986346,29421.170423913114,9120.562831413066
346000.0,0.007212344091385603,0.0029743772465735674,0.0015948065556585789,0.0020567341707646847,1.5707478523254395,1.270476222038269,0.25,20358.38284912496,17.30844756765355,16.99545600277734,29419.628394689247,9061.245545564288
347000.0,0.026807358488440514,0.0047353035770356655,0.05678437277674675,0.003986615687608719,1.987548828125,0.25,0.8025902509689331,20416.20258241694,17.29513339243806,16.996304704521645,29418.159340658414,9001.956758241475
348000.0,0.01786627806723118,0.008550606667995453,0.007341389078646898,0.0025890511460602283,1.4390864372253418,0.25,1.4390864372253418,20473.832538916962,17.3520866704039,16.997306163294855,29416.4260616623,8942.59352274534
349000.0,0.018166208639740944,0.014657251536846161,0.005131827667355537,0.0012645729584619403,0.9974488019943237,0.25,1.7898485660552979,20531.745070124976,17.26742000635636,16.99806805549216,29415.10755032232,8883.36248019734
350000.0,0.021128732711076736,0.012231717817485332,0.002541546244174242,0.005887885577976704,1.2248847484588623,1.286596417427063,0.4885188043117523,20589.487627124996,17.31824934596611,16.998965993641487,29413.55375303571,8824.066125910713
351000.0,0.03232324495911598,0.030183380469679832,0.00372657785192132,0.006091716233640909,0.7140223979949951,1.333491563796997,0.9524859189987183,20651.805616625003,16.04673077586839,16.996092570106313,29418.52651940883,8766.720902783833
352000.0,0.06251344084739685,0.025632508099079132,0.06297903507947922,0.0068500046618282795,1.439811110496521,0.25,1.439811110496521,20716.352211124962,15.492684126048289,16.991408352816634,29426.636663529775,8710.284452404812
353000.0,0.010794436559081078,0.005017908755689859,0.001820170902647078,0.0038625295273959637,1.4373632669448853,1.4373632669448853,0.25,20780.24310641701,15.651682378670408,16.987289233925875,29433.772105406526,8653.52899898952
354000.0,0.015323377214372158,0.004153042566031218,0.0026937739457935095,0.013787072151899338,2.2409586906433105,0.4009968340396881,0.3580445647239685,20842.180596500053,16.145310354992144,16.984787093700064,29438.10818714697,8595.927590646914
355000.0,0.007065967191010714,0.0022159707732498646,0.0019813068211078644,0.00413859449326992,1.4369596242904663,1.4369596242904663,0.25,20904.39799029194,16.07267580742715,16.982072392845897,29442.81407083372,8538.416080541778
356000.0,0.00880517903715372,0.005282782018184662,0.0020731945987790823,0.0004942976520396769,1.434441089630127,0.25,1.434441089630127,20966.823421334033,16.01911245635901,16.979205330539727,29447.78570412083,8480.962282786799
357000.0,0.036508314311504364,0.013132130727171898,0.019868886098265648,0.0023519559763371944,2.0860471725463867,0.3975864350795746,0.5163664817810059,21029.38092841697,15.98529172005269,16.976248669193417,29452.914465569986,8423.533537153016
358000.0,0.012971743941307068,0.0019233811181038618,0.011293132789433002,0.006044026929885149,2.0969345569610596,0.6577035188674927,0.25,21091.581846292014,16.07693317338007,16.973596509212886,29457.516545100578,8365.934698808564
359000.0,0.01812458038330078,0.005506820045411587,0.017022917047142982,0.0041271052323281765,1.439584732055664,0.25,1.439584732055664,21153.791163834045,16.074762423239413,16.970953207374514,29462.10468500563,8308.313521171587
360000.0,0.02828167751431465,0.017090454697608948,0.002173595828935504,0.006202896125614643,1.3553956747055054,1.26174795627594,0.3828563094139099,21213.61461141694,16.715853739695557,16.97023381419647,29463.353626967968,8249.739015551031
361000.0,0.07483547180891037,0.029978148639202118,0.12033756077289581,0.0010999318910762668,1.4399564266204834,0.25,1.4399564266204834,21271.849425083958,17.171858842339645,16.970785792339502,29462.395325601046,8190.5459005170915
362000.0,0.2018306851387024,0.014334442093968391,0.6468830704689026,0.013520070351660252,1.439978837966919,0.25,1.439978837966919,21330.245341709,17.12448502899535,16.971206575488747,29461.66483661464,8131.419494905641
363000.0,0.013393102213740349,0.0055827973410487175,0.005754695273935795,0.0027454840019345284,1.4354016780853271,0.25,1.4354016780853271,21388.603194584022,17.135654427546815,16.971655264141706,29460.885942953195,8072.282748369175
364000.0,0.04021453857421875,0.009408974088728428,0.10181897133588791,0.0008410055888816714,1.4399831295013428,0.25,1.4399831295013428,21446.610310959048,17.23926411950628,16.972379071670776,29459.629548020668,8013.019237061621
365000.0,0.07831700146198273,0.02719064988195896,0.034005776047706604,0.005770000629127026,2.1387338638305664,0.538109302520752,0.3231568932533264,21504.734918499948,17.20441723922766,16.97300624180214,29458.5409842465,7953.806065746556
366000.0,0.016359267756342888,0.013654641807079315,0.005793158430606127,0.0008080175030045211,0.9834387302398682,0.25,1.8347067832946777,21562.980937749962,17.168555257100184,16.97353445966507,29457.62423189885,7894.643294148893
367000.0,0.016508474946022034,0.005350170191377401,0.005415872670710087,0.005317996256053448,1.6608185768127441,0.25,1.1787984371185303,21621.267914584023,17.156491112018685,16.97402767727837,29456.768276000028,7835.500361416008
368000.0,0.015228252857923508,0.004185329657047987,0.015212707221508026,0.002660558093339205,2.1946189403533936,0.3107265532016754,0.4946545958518982,21679.690079624997,17.116791192155375,16.9744123946612,29456.100651664397,7776.410572039401
369000.0,0.19403761625289917,0.0045532588846981525,0.746794581413269,0.0005432471516542137,1.4399999380111694,0.25,1.4399999380111694,21737.687624625047,17.242109127190645,16.975126626715653,29454.86127997974,7717.173655354692
370000.0,0.03394262492656708,0.0064108530059456825,0.09400325268507004,0.0008404365507885814,1.4399936199188232,0.25,1.4399936199188232,21796.13803833397,17.10851876908646,16.975484342651082,29454.240592343205,7658.102554009233
371000.0,0.03195921331644058,0.09332790970802307,0.004343696404248476,0.0016612291801720858,0.25,1.4366934299468994,1.4366934299468994,21854.765615792014,17.056819390425247,16.975702531987782,29453.862015892202,7599.096400100188
372000.0,0.01823285035789013,0.010010628961026669,0.00207726052030921,0.0035835306625813246,1.434242844581604,1.434242844581604,0.25,21915.03727358405,16.591546286157207,16.974646009313496,29455.695260193614,7540.657986609565
373000.0,0.007965379394590855,0.0038204211741685867,0.0019663465209305286,0.0019737216643989086,1.1133861541748047,1.6101654767990112,0.2764485776424408,21973.61418183404,17.071573592315183,16.974904397309636,29455.246892538926,7481.632710704887
374000.0,0.029757734388113022,0.03140212222933769,0.017560411244630814,0.0008546738536097109,0.5430091023445129,0.634881854057312,1.8221088647842407,22031.59072412504,17.248355291365126,16.975623988442305,29453.998294284815,7422.407570159773
375000.0,0.014724412932991982,0.006237869616597891,0.004751408472657204,0.0011605643667280674,2.035306692123413,0.25,0.7242884039878845,22089.66169441701,17.22030809838688,16.97626723250263,29452.882259222682,7363.220564805671
376000.0,0.02230655774474144,0.004358448088169098,0.0049929008819162846,0.035447075963020325,1.4377379417419434,1.4377379417419434,0.25,22147.708002,17.227624661056602,16.976926008147036,29451.7393643617,7304.031362361702
377000.0,0.03087310865521431,0.014171232469379902,0.006008703261613846,0.007821502164006233,1.4329943656921387,1.4329943656921387,0.25,22206.40545362502,17.0365147432356,16.977083517065015,29451.466118866076,7245.060665241054
378000.0,0.015115824528038502,0.006803504191339016,0.00137852574698627,0.013363580219447613,1.4391207695007324,1.4391207695007324,0.25,22264.568467209,17.193056865186644,16.977647716672077,29450.487390488095,7185.918923279095
379000.0,0.01988065056502819,0.0024395443033427,0.008006696589291096,0.02200925163924694,1.5291036367416382,1.3298895359039307,0.25,22322.353068958968,17.305648385826963,16.978496793289686,29449.01460284824,7126.661533889274
380000.0,0.042284540832042694,0.01879347860813141,0.022633234038949013,0.004922386258840561,1.6310832500457764,0.25,1.2133349180221558,22379.92356883397,17.37000724626743,16.979503921505064,29447.26785372891,7067.344284894938
381000.0,0.01885305345058441,0.007062865421175957,0.008147787302732468,0.004648649133741856,1.4358609914779663,0.25,1.4358609914779663,22437.935425792006,17.23785537021075,16.980171872767194,29446.109482666674,7008.174056874668
382000.0,0.013465800322592258,0.004509118385612965,0.006284145172685385,0.001847005682066083,2.208360433578491,0.4610806405544281,0.33055901527404785,22496.03377191699,17.21219392112694,16.980771093830377,29445.070382090304,6949.036610173312
383000.0,0.010825484991073608,0.0037551007699221373,0.01563439890742302,0.001051346305757761,1.4390848875045776,0.25,1.4390848875045776,22553.90799049998,17.278851006273513,16.98153597865722,29443.744112924258,6889.836122424276
384000.0,0.042773716151714325,0.004595944192260504,0.013762213289737701,0.02614874206483364,0.3818868398666382,2.2154533863067627,0.40265968441963196,22611.81608966703,17.268741581644306,16.982271502529922,29442.468866753945,6830.652777086915
385000.0,0.009901870042085648,0.0031746523454785347,0.0032961091492325068,0.004374530632048845,2.129450798034668,0.6181637644767761,0.25238558650016785,22669.54915091698,17.321097796470415,16.983134399231172,29440.972923268808,6771.423772351825
386000.0,0.020759334787726402,0.008279727771878242,0.0065009091049432755,0.004235088359564543,1.3683300018310547,1.1120336055755615,0.5196363925933838,22728.231433875044,17.040918478148505,16.983283592611194,29440.714292584253,6712.48285870921
387000.0,0.01333425659686327,0.003579164855182171,0.0019596212077885866,0.02148868888616562,1.437514305114746,1.437514305114746,0.25,22786.136700124945,17.269586425599055,16.984011159639795,29439.453100936626,6653.316400811677
388000.0,0.032973676919937134,0.008158450946211815,0.004407665226608515,0.019978171214461327,2.0098986625671387,0.25,0.7745504975318909,22844.26023725001,17.204734079556687,16.98457275352364,29438.47968717785,6594.219449927838
389000.0,0.042017873376607895,0.014225427992641926,0.012575658969581127,0.014850140549242496,1.8205592632293701,0.9865968227386475,0.25,22902.21479741705,17.254897580410347,16.985256816466155,29437.294084083613,6535.079286666562
390000.0,0.015487924218177795,0.0034150409046560526,0.004882063250988722,0.01928846351802349,2.194802761077881,0.5232695937156677,0.2819274961948395,22960.005609125015,17.303788793507977,16.986058568078136,29435.904627083353,6475.899017958337
391000.0,0.026203088462352753,0.010737787932157516,0.015058979392051697,0.004848584067076445,1.4396129846572876,0.25,1.4396129846572876,23017.749709167052,17.3177865664547,16.9868907664888,29434.46254369188,6416.71283452483
392000.0,0.014232117682695389,0.004533181898295879,0.003508110996335745,0.009568476118147373,2.096369981765747,0.6661056280136108,0.25,23075.65876637504,17.268455889523025,16.987597362603026,29433.23822241714,6357.579456042103
393000.0,0.026530269533395767,0.00985774677246809,0.027910515666007996,0.0037776371464133263,1.433963418006897,0.25,1.433963418006897,23133.418767999974,17.31301890352286,16.988409881881772,29431.830493638645,6298.41172563867
394000.0,0.027408622205257416,0.014093618839979172,0.0068960729986429214,0.012710005044937134,0.25,1.970178484916687,0.8102845549583435,23192.08685941703,17.045040597813877,16.988553138331245,29431.58230890486,6239.49544948783
395000.0,0.035398148000240326,0.02283317968249321,0.007342481054365635,0.006359057035297155,0.8594304919242859,1.9318883419036865,0.25,23249.897428291966,17.297875102446476,16.989322263389372,29430.249909230337,6180.352480938371
396000.0,0.018898755311965942,0.001483336789533496,0.006993602029979229,0.021380377933382988,2.104297637939453,0.25,0.6561611294746399,23307.710577624966,17.29710302132239,16.990085692077958,29428.92749700122,6121.216919376254
397000.0,0.005689992569386959,0.0018981234170496464,0.0017006122507154942,0.002123171230778098,2.221186399459839,0.4251422882080078,0.3536711633205414,23365.245274959016,17.380816208938253,16.991047828865405,29427.261051585658,6062.015776626646
398000.0,0.03932074084877968,0.025056254118680954,0.0035317379515618086,0.002099029254168272,1.4132704734802246,0.4040485620498657,1.1826809644699097,23423.52920995897,17.157386507976135,16.991461723487106,29426.544233616794,6003.0150236578265
399000.0,0.01640220172703266,0.0030304286628961563,0.006850280333310366,0.008752796798944473,1.438560962677002,1.438560962677002,0.25,23481.476289583952,17.257125060861654,16.992117321728646,29425.40888419042,5943.932594606465
400000.0,0.029125768691301346,0.010313170962035656,0.0022338260896503925,0.04431208223104477,1.4384117126464844,1.4384117126464844,0.25,23539.43471708405,17.253746230405252,16.99276150033012,29424.29339635506,5884.858679271012
401000.0,0.03566047549247742,0.005902195814996958,0.08576371520757675,0.00397288566455245,1.4399422407150269,0.25,1.4399422407150269,23597.04353616701,17.358453374298787,16.993654284927278,29422.747551330434,5825.704015163426
402000.0,0.02478775754570961,0.03319781646132469,0.0030568388756364584,0.0003448183706495911,0.7021598815917969,0.25,2.068835496902466,23654.95991283399,17.266273505851387,16.994321760904572,29421.59193138556,5766.63201855157
403000.0,0.030787887051701546,0.01735343225300312,0.02096211537718773,0.0010862050112336874,1.37960684299469,0.25,1.4789512157440186,23712.976039125002,17.236586858349618,16.994914486274265,29420.565805366004,5707.589766241005
404000.0,0.007364855147898197,0.008416646160185337,0.0033510758075863123,0.0011597173288464546,0.4320775866508484,0.3423204720020294,2.2256019115448,23770.85671683401,17.276922793258723,16.995601160386276,29419.377124794566,5648.520407960557
405000.0,0.011132036335766315,0.009925398975610733,0.007629997096955776,0.0005765713867731392,0.25,0.9958971738815308,1.824568748474121,23828.57351133402,17.325979529230597,16.996401392108616,29417.991989301256,5589.418477967239
406000.0,0.011291023343801498,0.00488039618358016,0.00895028654485941,0.0011622733436524868,1.5449764728546143,0.25,1.302064061164856,23886.22932570905,17.344304487581557,16.99724114944409,29416.53857845942,5530.309252750371
407000.0,0.01904301717877388,0.009157001040875912,0.0034559506457298994,0.002410169690847397,1.5077545642852783,1.3408658504486084,0.25,23944.001990625053,17.30922403274837,16.997993909261922,29415.235860718738,5471.233870093685
408000.0,0.06586195528507233,0.017097609117627144,0.06937934458255768,0.006903559435158968,2.226544141769409,0.35939955711364746,0.41405656933784485,24001.65645554196,17.344710447685248,16.998826758300392,29413.794675909263,5412.138220367305
409000.0,0.034525126218795776,0.014525207690894604,0.0077173663303256035,0.010397671721875668,1.4353423118591309,1.4353423118591309,0.25,24059.27208670904,17.35640102770237,16.999683054664906,29412.313064436476,5353.040977727439
410000.0,0.042042769491672516,0.01227229367941618,0.014422226697206497,0.014636575244367123,1.4378840923309326,1.4378840923309326,0.25,24117.100093999994,17.292658814415297,17.000385552241514,29411.09767560975,5293.997581609755
411000.0,0.02939024195075035,0.010988826863467693,0.009111772291362286,0.004232048522680998,2.217451333999634,0.35069000720977783,0.43185853958129883,24174.770717000007,17.339850828380676,17.001195370634047,29409.696736009737,5234.926019009733
412000.0,0.035548996180295944,0.011844697408378124,0.012361704371869564,0.008905810303986073,1.9952819347381592,0.7837942242622375,0.25,24232.736788999988,17.251470825905308,17.001794043626965,29408.661151699012,5175.9243626990265
413000.0,0.04697214812040329,0.0017213216051459312,0.02253912016749382,0.027088675647974014,1.434827208518982,0.25,1.434827208518982,24290.628724041977,17.273563222143064,17.00244175200075,29407.540828137986,5116.91210409601
414000.0,0.0132498973980546,0.0025182452518492937,0.0038159212563186884,0.016532231122255325,1.4393116235733032,1.4393116235733032,0.25,24348.867614459014,17.170656804056666,17.0028440975282,29406.84494499881,5057.977330539795
415000.0,0.06435568630695343,0.019720563665032387,0.02291220799088478,0.021018199622631073,1.4391117095947266,0.25,1.4391117095947266,24406.61215337494,17.31765494666033,17.003588920579208,29405.55681129511,4998.9446579201685
416000.0,0.03297042474150658,0.015364508144557476,0.006429833360016346,0.003590252948924899,1.8132109642028809,0.25,0.9759405851364136,24464.35676854197,17.317632078894864,17.00433017453877,29404.27496218987,4939.918193647898
417000.0,0.05360382795333862,0.02825034223496914,0.00249543902464211,0.014807167463004589,1.6649194955825806,1.1490929126739502,0.25,24521.99178241694,17.350564054158998,17.00514394181481,29402.867844624627,4880.876062207688
418000.0,0.2124662697315216,0.005330132786184549,0.8052489757537842,0.002415732480585575,1.4399980306625366,0.25,1.4399980306625366,24579.9759355,17.24609133408469,17.00571233661369,29401.885090311007,4821.909154811005
419000.0,0.02899894304573536,0.009016676805913448,0.005860781762748957,0.03042229451239109,1.437972068786621,1.437972068786621,0.25,24637.710009124945,17.320794068615875,17.006450674385608,29400.6086027744,4762.898593649453
420000.0,0.015053318813443184,0.005651639774441719,0.0019329527858644724,0.01653374545276165,1.439745545387268,1.439745545387268,0.25,24695.46707808401,17.31389798725327,17.00716972357769,29399.365569147634,4703.898491063622
421000.0,0.03922870010137558,0.021388866007328033,0.0020381174981594086,0.012650078162550926,1.564031958580017,1.2822192907333374,0.25,24753.393596209004,17.2632506211093,17.007768989884134,29398.329686709032,4644.936090500027
422000.0,0.024951640516519547,0.013667240738868713,0.0025834916159510612,0.005469232797622681,1.4625240564346313,1.391784906387329,0.25,24811.129857958993,17.320137634303702,17.008495881320354,29397.07329142061,4585.943433461615
423000.0,0.015857206657528877,0.002759691094979644,0.004137188196182251,0.027093933895230293,1.860019326210022,0.9549104571342468,0.25,24869.327067042002,17.182954573880878,17.00890413559197,29396.36769153901,4527.040624497007
424000.0,0.039407674223184586,0.026481878012418747,0.0027369544841349125,0.017091961577534676,1.1533277034759521,1.6779237985610962,0.25,24927.412911084015,17.2158985806717,17.009386473935596,29395.53409325945,4468.121182175437
425000.0,0.02055247314274311,0.024271726608276367,0.0023793906439095736,0.0018499117577448487,0.6270597577095032,1.7808446884155273,0.5920956134796143,24985.388991708984,17.248492640762038,17.009941295732066,29394.57528436351,4409.186292654526
426000.0,0.008511639200150967,0.003964740317314863,0.006872055120766163,0.0007677549729123712,1.4355270862579346,0.25,1.4355270862579346,25043.31972375,17.26199488195651,17.01052435137024,29393.56775088028,4350.248027130282
427000.0,0.0062141320668160915,0.002515417756512761,0.0021414002403616905,0.0010943771339952946,1.3491801023483276,0.9682315587997437,0.6825883388519287,25101.264767833985,17.25773128329292,17.011095016502082,29392.581695355955,4291.316927521969
428000.0,0.011043558828532696,0.0046296934597194195,0.007623638026416302,0.0017180938739329576,1.439501404762268,0.25,1.439501404762268,25159.19289795903,17.262770226509634,17.01167448955488,29391.580488269898,4232.387590310865
429000.0,0.01914387010037899,0.003803091589361429,0.006244223099201918,0.021541299298405647,1.6413629055023193,1.2037193775177002,0.25,25217.241475583985,17.22695095926171,17.01217004307824,29390.724330517467,4173.482854933481
430000.0,0.023348892107605934,0.008065545931458473,0.00938184279948473,0.006576831918209791,1.4344276189804077,0.25,1.4344276189804077,25275.080727791996,17.289296832601643,17.012804217364188,29389.628753246507,4114.548025454511
431000.0,0.07607170939445496,0.007724516559392214,0.18713493645191193,0.01266083586961031,1.4367167949676514,0.25,1.4367167949676514,25332.80783904204,17.32288310198803,17.013510809321254,29388.408165942044,4055.6003269000025
432000.0,0.005780239589512348,0.0015434828819707036,0.004110947251319885,0.0017587043112143874,1.4391984939575195,0.25,1.4391984939575195,25390.866797292023,17.223870874402373,17.01399182032153,29387.577311680583,3996.7105143885597
433000.0,0.02068706974387169,0.006804475095123053,0.003920363262295723,0.0138954296708107,2.1601555347442627,0.5695856213569641,0.2702587842941284,25448.945477084024,17.218022234343703,17.014457451288223,29386.773068226357,3937.8275911423316
434000.0,0.01128414273262024,0.004918208345770836,0.0019652817863970995,0.005569667089730501,1.4370219707489014,1.4370219707489014,0.25,25507.005168542033,17.223653362388866,17.01493362832165,29385.950655002343,3878.9454864603094
435000.0,0.05087892711162567,0.024713993072509766,0.015136265195906162,0.005571163725107908,0.9970189929008484,1.5765299797058105,0.42645108699798584,25565.40005924995,17.12478588241307,17.015184545982116,29385.5173094827,3820.117250232751
436000.0,0.030581042170524597,0.008690640330314636,0.010489451698958874,0.016101403161883354,1.739006757736206,1.0908681154251099,0.25,25623.174983292003,17.308547204183785,17.015846017689093,29384.374980839453,3761.19999754745
437000.0,0.014872275292873383,0.007221720647066832,0.013971974141895771,0.000681003206409514,1.439918875694275,0.25,1.439918875694275,25681.015749374987,17.28884431726426,17.01646088553314,29383.313214387857,3702.2974650128704
438000.0,0.03857388347387314,0.019971974194049835,0.003665008582174778,0.004097877070307732,1.669706106185913,0.5193853974342346,0.8109087347984314,25738.580316166976,17.371797543678674,17.017255599170806,29381.941000190614,3643.360684023636
439000.0,0.009176949970424175,0.004438009113073349,0.00795570109039545,0.0005747735849581659,1.433938980102539,0.25,1.433938980102539,25796.22856175003,17.346581667594208,17.01799156218276,29380.670343678852,3584.44178192882
440000.0,0.030141985043883324,0.013561091385781765,0.014066357165575027,0.002190664643421769,1.129853367805481,0.9029431939125061,0.9672031402587891,25854.061302750022,17.29124338063372,17.018602796969404,29379.615116761393,3525.553814011367
441000.0,0.043947428464889526,0.023034904152154922,0.0027974452823400497,0.0059683797881007195,1.712046504020691,1.0790231227874756,0.25,25911.791061584023,17.322088645397862,17.019278943392386,29378.447915628145,3466.656854044121
442000.0,0.05905475839972496,0.029135296121239662,0.026012998074293137,0.004622746258974075,1.6074674129486084,0.25,1.2368123531341553,25969.458123625023,17.340921569561047,17.01999317413182,29377.215071974006,3407.7569483489847
443000.0,0.014585372060537338,0.0025307009927928448,0.005833215545862913,0.010183991864323616,1.4394421577453613,1.4394421577453613,0.25,26027.38368708396,17.263535135207118,17.020535191934712,29376.279556528174,3348.8958694442117
444000.0,0.02474837750196457,0.007804608438163996,0.005278678610920906,0.010792763903737068,2.089974880218506,0.25112849473953247,0.6588965058326721,26085.187652084045,17.299851316401984,17.021154147784216,29375.211319914466,3290.0236678304204
445000.0,1.2481578588485718,0.017546772956848145,4.883790969848633,0.0013491108547896147,1.4399995803833008,0.25,1.4399995803833008,26142.76631437498,17.367544854500963,17.021917062973944,29373.89473525279,3231.128420877807
446000.0,0.008306569419801235,0.0034515424631536007,0.002876722253859043,0.0008357721962966025,1.491844892501831,0.9294342994689941,0.57872074842453,26200.360278208973,17.362930651593892,17.022666683363944,29372.601208754455,3172.240930545481
447000.0,0.031157072633504868,0.020023440942168236,0.0020489285234361887,0.0068764942698180676,1.31227445602417,1.543099284172058,0.25,26258.535657792003,17.1894022379822,17.023036083406136,29371.963823033562,3113.4281652415575
448000.0,0.03851412981748581,0.020844560116529465,0.030779732391238213,0.0006271792226471007,1.435337781906128,0.25,1.435337781906128,26316.16514691699,17.352227395790802,17.02375697594695,29370.72003004128,3054.554883124293
449000.0,0.019719306379556656,0.0031251416075974703,0.021423399448394775,0.006854730192571878,1.4392426013946533,0.25,1.4392426013946533,26374.069153083954,17.26996223916716,17.024297517150394,29369.787475594607,2995.7183225106496
450000.0,0.003645345102995634,0.001783939078450203,0.0024235460441559553,0.0005529114860109985,0.9987857937812805,0.4047171473503113,1.5964969396591187,26431.872026916943,17.300177892354068,17.02490082964013,29368.746696574377,2936.8746696574376
451000.0,0.02786032110452652,0.011032498441636562,0.0019045141525566578,0.008206015452742577,2.186959981918335,0.4664178192615509,0.3466224670410156,26490.15856441704,17.156620428830802,17.025190653475615,29368.246745473436,2878.088181056397
452000.0,0.006499183364212513,0.0018750705057755113,0.002626767149195075,0.0029487325809895992,2.0378241539001465,0.7389068007469177,0.25,26548.916440250003,17.01899508489417,17.02517694148664,29368.270398506644,2819.3539582566377
453000.0,0.06064535304903984,0.03111117146909237,0.008243722841143608,0.016658375039696693,1.4351648092269897,1.4351648092269897,0.25,26606.942412000033,17.233662269507413,17.02563161844902,29367.486105960303,2760.5436939602687
454000.0,0.025806933641433716,0.004513462074100971,0.020307190716266632,0.013303042389452457,1.8930634260177612,0.25,0.916020929813385,26664.74418287503,17.300508009739097,17.026227474238198,29366.458351183956,2701.714168308924
455000.0,0.03346394747495651,0.0186480600386858,0.004804762080311775,0.002469054888933897,1.5597119331359863,0.25,1.2867900133132935,26722.723137959023,17.247637501423245,17.026707856493967,29365.62982193299,2642.9066839739694
456000.0,0.07878534495830536,0.01155607309192419,0.24032412469387054,0.0014330538688227534,1.4399974346160889,0.25,1.4399974346160889,26780.579657875,17.284136713584576,17.027264003447748,29364.67067749452,2584.0910196195177
457000.0,0.07129359990358353,0.015211932361125946,0.05718471109867096,0.024382561445236206,1.4395290613174438,0.25,1.4395290613174438,26838.402619250002,17.294167856860042,17.027839044050037,29363.679014496724,2525.276395246718
458000.0,0.008764572441577911,0.0022090959828346968,0.004574381280690432,0.004529830999672413,2.1021993160247803,0.25,0.6572025418281555,26896.349313499988,17.257239829522216,17.028333275331075,29362.82676146287,2466.4774479628813
459000.0,0.009900305420160294,0.005973923485726118,0.004087074659764767,0.0017769690603017807,0.7915501594543457,0.5399315357208252,1.668518304824829,26954.348513709032,17.24161706361027,17.028792210153096,29362.03541798369,2407.6869042746625
460000.0,0.014584545977413654,0.00802808627486229,0.0013678778195753694,0.004304272122681141,1.4376894235610962,1.4376894235610962,0.25,27012.417657791986,17.220849657633302,17.029205079957315,29361.323541078247,2348.9058832862597
461000.0,0.05957214534282684,0.018389621749520302,0.06522858887910843,0.011664904654026031,1.4395501613616943,0.25,1.4395501613616943,27070.309952500043,17.27345590709194,17.02972743233865,29360.42294197402,2290.1129894739734
462000.0,0.011212199926376343,0.001910333870910108,0.00412396527826786,0.010160385631024837,1.4371352195739746,1.4371352195739746,0.25,27128.141706416965,17.291538510772924,17.030285561016413,29359.460721230484,2231.319014813517
463000.0,0.017000943422317505,0.0024791094474494457,0.013537456281483173,0.007665043696761131,2.0372707843780518,0.7412075996398926,0.25,27185.82270054205,17.33673309845298,17.030935760158858,29358.33984939746,2172.517148855412
464000.0,0.014972534030675888,0.004838890861719847,0.0027072334196418524,0.01653164066374302,1.4364491701126099,1.4364491701126099,0.25,27243.54192979203,17.325248673522594,17.03155930296256,29357.265010551757,2113.7230807597266
465000.0,0.026884103193879128,0.010545356199145317,0.003944359719753265,0.007199760060757399,2.1495156288146973,0.585669219493866,0.264815092086792,27301.431261374964,17.274340066742276,17.032074089751642,29356.377700403187,2054.946439028223
466000.0,0.041621893644332886,0.014562479220330715,0.009699258022010326,0.022555187344551086,1.7659554481506348,1.0584735870361328,0.25,27360.099323792034,17.045049023283415,17.032101911807448,29356.329746557978,1996.2304227659424
467000.0,0.0256387609988451,0.004418821539729834,0.03713488578796387,0.006949946284294128,1.438593864440918,0.25,1.438593864440918,27417.738891666988,17.349193216879172,17.0327685242467,29355.180826195916,1937.4419345289305
468000.0,0.8863595724105835,0.006573127117007971,3.42140531539917,0.01496042124927044,1.4399974346160889,0.25,1.4399974346160889,27475.40632112499,17.340811085195014,17.03341506692002,29354.066582398493,1878.6602612735037
469000.0,0.02536647394299507,0.00985085591673851,0.003790878690779209,0.013416660018265247,1.877098560333252,0.9288825392723083,0.25,27532.99151375005,17.365575322653186,17.034109779381588,29352.86941764398,1819.8779038939265
470000.0,0.04773520678281784,0.01546423602849245,0.021406862884759903,0.00393584044650197,1.9364947080612183,0.7786039710044861,0.28490149974823,27592.343314750004,16.848688382696,17.033710933451335,29353.556717819152,1761.2134030691493
471000.0,0.03777032718062401,0.01017029583454132,0.012453395873308182,0.021357616409659386,1.4400993585586548,1.428099513053894,0.25,27650.171651624958,17.29256025747997,17.034252298116204,29352.623833996775,1702.4521823718128
472000.0,0.015745017677545547,0.0033898777328431606,0.007879823446273804,0.0029532478656619787,1.646699070930481,1.1960418224334717,0.25,27708.23532120895,17.22247331532211,17.03464672247507,29351.94419619592,1643.7088749869715
473000.0,0.018983885645866394,0.007323813159018755,0.00814108457416296,0.0009512778487987816,1.8501613140106201,0.6036090850830078,0.5462294816970825,27766.089745583944,17.284762761069675,17.03516787325908,29351.046242689157,1584.9564971052146
474000.0,0.018938329070806503,0.009545856155455112,0.002101095160469413,0.008837231434881687,1.4363434314727783,1.4363434314727783,0.25,27823.805084667052,17.326416441217372,17.035772014562042,29350.00536357284,1526.2002789057876
475000.0,0.17632856965065002,0.0030476541724056005,0.5922808051109314,0.01657993346452713,1.4397270679473877,0.25,1.4397270679473877,27881.697228375007,17.27350096145403,17.036265622904615,29349.15497723685,1467.4577488618424
476000.0,0.00942741148173809,0.0016341587761417031,0.001374499057419598,0.020382752642035484,1.4397528171539307,1.4397528171539307,0.25,27941.425420833984,16.742512351881874,17.035637689589013,29350.23678659032,1408.8113657563354
477000.0,0.02249807119369507,0.0032843821682035923,0.05838217958807945,0.002210055012255907,1.4382776021957397,0.25,1.4382776021957397,28000.079245749977,17.049186501174486,17.03566607128092,29350.187888626813,1350.1086428768333
478000.0,0.006248157005757093,0.012601410038769245,0.001525965635664761,0.0008003051625564694,0.25,1.1500214338302612,1.6779992580413818,28058.598291500006,17.08845363390967,17.035776165083913,29349.998212866114,1291.399921366109
479000.0,0.010109887458384037,0.0020103000570088625,0.0056019132025539875,0.006808192934840918,2.1023387908935547,0.25,0.6584827303886414,28116.41901404201,17.294837491412117,17.03630891831481,29349.080390440515,1232.6613763985015
480000.0,0.06396615505218506,0.03890897333621979,0.009138534776866436,0.012063817121088505,1.1775977611541748,1.6557444334030151,0.25,28174.39090758399,17.249738431880733,17.036748072903094,29348.323862066656,1173.9329544826662
481000.0,0.035086825489997864,0.01855050027370453,0.0012880231952294707,0.026217907667160034,1.4382294416427612,1.4382294416427612,0.25,28234.477518333937,16.642642803761387,17.03590936604599,29349.768730076856,1115.2912117429205
482000.0,0.025684449821710587,0.02322166971862316,0.007279214449226856,0.001356829539872706,0.5857295989990234,1.487082839012146,0.927187442779541,28292.90969374997,17.113858809466834,17.036070351805346,29349.491383558063,1056.5816898080902
483000.0,0.02842732146382332,0.009698361158370972,0.003102655988186598,0.019851146265864372,2.187221050262451,0.5325692296028137,0.28020960092544556,28350.87143874995,17.252758694555652,17.03651335880406,29348.728197463715,997.8567587137662
484000.0,0.12489847838878632,0.009911569766700268,0.42634671926498413,0.002805009251460433,1.439993977546692,0.25,1.439993977546692,28413.97022941697,15.848164274290536,17.033874396718943,29353.27503038943,939.3048009724619
485000.0,0.06717201322317123,0.017481911927461624,0.025842439383268356,0.024725597351789474,1.4384028911590576,0.25,1.4384028911590576,28477.713678917033,15.687886486265619,17.03086158770748,29358.467710223747,880.7540313067124
486000.0,0.0729590356349945,0.030750172212719917,0.025295604020357132,0.008128064684569836,1.7331252098083496,0.5456749200820923,0.7211999297142029,28537.07444466697,16.846143869042777,17.030477351220703,29359.13008710594,822.0556424389663
487000.0,0.03938393294811249,0.013823138549923897,0.010815303772687912,0.016103994101285934,1.4350718259811401,1.4350718259811401,0.25,28595.23230937496,17.194579013879338,17.030811106239444,29358.55473241782,763.3224230428633
488000.0,0.026015814393758774,0.003592093475162983,0.036213502287864685,0.0068808430805802345,2.2348885536193848,0.4337579905986786,0.3313535153865814,28653.17406308395,17.258711308988897,17.03127196050253,29357.760310536833,704.586247452884
489000.0,0.0070806583389639854,0.0022732506040483713,0.0030790965538471937,0.0021988742519170046,1.8946691751480103,0.25,0.9112963080406189,28711.297930625034,17.20463627602089,17.031622923546273,29357.155348287357,645.8574176623218
490000.0,0.014471401460468769,0.004030022770166397,0.0032490284647792578,0.016031283885240555,1.4374923706054688,1.4374923706054688,0.25,28769.452401750023,17.19558239728047,17.0319543506568,29356.584083418387,587.1316816683677
491000.0,0.013592024333775043,0.0017933185445144773,0.01460528839379549,0.005955427419394255,2.163670301437378,0.5469653606414795,0.28936418890953064,28827.497394541977,17.22801488810951,17.032349124172082,29355.90366042971,528.4062658877348
492000.0,0.03064448945224285,0.008611135184764862,0.013481722213327885,0.01628381386399269,2.2317700386047363,0.3866041302680969,0.3816259801387787,28885.310875958996,17.29700366575094,17.03287882594636,29354.9907276006,469.6798516416097
493000.0,0.023487625643610954,0.0022120147477835417,0.012242000550031662,0.01439056359231472,1.5085569620132446,1.3521509170532227,0.25,28943.321119750035,17.23833472588286,17.033290615139254,29354.281054513216,410.95993476318506
494000.0,0.00614588987082243,0.0018503889441490173,0.00166092358995229,0.004443847108632326,1.6886779069900513,1.15009343624115,0.25,29000.994308124995,17.33907953031036,17.033898726072287,29353.23310538967,352.23879726467607
495000.0,0.011736631393432617,0.0022817288991063833,0.0033604612108319998,0.01446586288511753,1.4391868114471436,1.4391868114471436,0.25,29058.938396499958,17.258015926126614,17.0343456201284,29352.463026767633,293.52463026767634
496000.0,0.03237731382250786,0.012269937433302402,0.0054767923429608345,0.02753710374236107,1.4364922046661377,1.4364922046661377,0.25,29116.88926508394,17.255996750951073,17.03478676874963,29351.702888189455,234.81362310551563
497000.0,0.0881623774766922,0.05065540224313736,0.010045161470770836,0.018993189558386803,1.3490153551101685,1.5011367797851562,0.25,29179.654635583982,15.93235237891799,17.03241543489411,29355.78937181487,176.13473623088922
498000.0,0.016597840934991837,0.006840338930487633,0.01087622344493866,0.002800420392304659,1.4395946264266968,0.25,1.4395946264266968,29242.504151499947,15.911021515855222,17.030005276564385,29359.94392720878,117.43977570883513
499000.0,0.02718430571258068,0.004243806935846806,0.02356725186109543,0.00870006624609232,2.0806736946105957,0.6865167021751404,0.25,29307.639945416944,15.352541818624324,17.026277138976262,29366.37269079854,58.73274538159708
500000.0,0.012369475327432156,0.0022274598013609648,0.0051636844873428345,0.0070208595134317875,1.4360780715942383,1.4360780715942383,0.25,29371.15320804203,15.7447430452902,17.023505902488584,29371.15320804203,0.0
