Dp,Dn,log_likelihood,posterior_mass,sum_squared_standardized_error
0.5,0.5,-3615.8152301510445,0,7587.7381716633972
0.5,0.53749999999999998,-3386.3258092570627,0,7128.7593298754337
0.5,0.57499999999999996,-3169.7332564177655,0,6695.5742241968392
0.5,0.61250000000000004,-2965.0689299769206,0,6286.2455713151494
0.5,0.65000000000000002,-2771.4139897624418,0,5898.9356908861919
0.5,0.6875,-2588.0395435155915,0,5532.1867983924913
0.5,0.72499999999999998,-2414.1855649476456,0,5184.4788412565995
0.5,0.76249999999999996,-2249.3094248374355,0,4854.7265610361792
0.5,0.80000000000000004,-2092.8133691978032,0,4541.7344497569147
0.5,0.83749999999999991,-1944.3021525586169,0,4244.712016478542
0.5,0.875,-1803.3834251598164,0,3962.8745616809415
0.5,0.91249999999999998,-1669.7169743442596,0,3695.5416600498274
0.5,0.94999999999999996,-1543.0168998086356,0,3442.1415109785794
0.5,0.98750000000000004,-1423.0446053934465,0,3202.1969221482013
0.5,1.0249999999999999,-1309.5715518979723,0,2975.2508151572533
0.5,1.0625,-1202.4174233386343,0,2760.9425580385773
0.5,1.1000000000000001,-1101.3766889445201,0,2558.8610892503484
0.5,1.1375,-1006.3203958023033,0,2368.7485029659151
0.5,1.1749999999999998,-917.0898064578754,0,2190.2873242770593
0.5,1.2124999999999999,-833.52933333189912,0,2023.1663780251067
0.5,1.25,-755.46821015356909,0,1867.0441316684467
0.5,1.2875000000000001,-682.72009549589166,0,1721.5479023530918
0.5,1.325,-615.2341559978679,0,1586.5760233570443
0.5,1.3624999999999998,-552.76037557079769,1.4531115458047105e-304,1461.6284625029039
0.5,1.3999999999999999,-495.17129654689222,1.4890805515726038e-279,1346.4503044550929
0.5,1.4375,-442.29497643849732,1.3702892097054927e-256,1240.6976642383031
0.5,1.4750000000000001,-394.01138187835204,1.276764861789293e-235,1144.1304751180126
0.5,1.5125,-350.13883871028236,1.4444892920549076e-216,1056.3853887818732
0.5,1.55,-310.54458127825967,2.2661144732965237e-199,977.19687391782782
0.5,1.5874999999999999,-275.11821647836609,5.5049907181439821e-184,906.34414431804066
0.5,1.625,-243.70279361933365,2.4227097404780658e-170,843.51329859997577
0.5,1.6624999999999999,-216.21768936114063,2.0937773589689487e-158,788.54309008358973
0.5,1.7,-192.5621097593193,3.9302319926870892e-148,741.23193087994707
0.5,1.7375,-172.64371129370056,1.7573923376643146e-139,701.3951339487096
0.5,1.7749999999999999,-156.4444268378291,1.906024937715244e-132,668.99656503696667
0.5,1.8125,-143.88657042164402,5.4192142908607241e-127,643.88085220459652
0.5,1.8499999999999999,-135.01331839200918,3.8684832216114037e-123,626.13434814532684
0.5,1.8875,-129.77490701652118,7.2870856127531211e-121,615.65752539435084
0.5,1.925,-128.24096287586741,3.3786044343110216e-120,612.5896371130433
0.5,1.9624999999999999,-130.48097661016322,3.5967623503213036e-121,617.06966458163492
0.5,2,-136.56583689420825,8.1901244131543974e-124,629.23938514972497
0.53749999999999998,0.5,-3397.1053310752714,0,7150.318373511851
0.53749999999999998,0.53749999999999998,-3174.3720322100103,0,6704.8517757813288
0.53749999999999998,0.57499999999999996,-2964.5820594575052,0,6285.2718302763187
0.53749999999999998,0.61250000000000004,-2766.7398822061887,0,5889.5874757736856
0.53749999999999998,0.65000000000000002,-2579.907048767885,0,5515.9218088970783
0.53749999999999998,0.6875,-2403.2114029732402,0,5162.5305173077886
0.53749999999999998,0.72499999999999998,-2235.9809175235437,0,4828.0695464083956
0.53749999999999998,0.76249999999999996,-2077.5484216832783,0,4511.2045547278649
0.53749999999999998,0.80000000000000004,-1927.4013381724944,0,4210.9103877062971
0.53749999999999998,0.83749999999999991,-1785.1051111648471,0,3926.3179336910025
0.53749999999999998,0.875,-1650.1551192814745,0,3656.4179499242573
0.53749999999999998,0.91249999999999998,-1522.3110119434436,0,3400.729735248196
0.53749999999999998,0.94999999999999996,-1401.2361920402896,0,3158.5800954418874
0.53749999999999998,0.98750000000000004,-1286.6865022767538,0,2929.4807159148158
0.53749999999999998,1.0249999999999999,-1178.4309898381293,0,2712.9696910375674
0.53749999999999998,1.0625,-1076.3237320962457,0,2508.7551755537997
0.53749999999999998,1.1000000000000001,-980.15005128232849,0,2316.4078139259655
0.53749999999999998,1.1375,-889.75338696667075,0,2135.61448529465
0.53749999999999998,1.1749999999999998,-804.99055650182333,0,1966.0888243649551
0.53749999999999998,1.2124999999999999,-725.73935733412202,0,1807.5864260295525
0.53749999999999998,1.25,-651.80563771899779,0,1659.718986799304
0.53749999999999998,1.2875000000000001,-583.05127825148338,1.0165459951061149e-317,1522.2102678642752
0.53749999999999998,1.325,-519.36467126576474,4.6330720327365272e-290,1394.837053892838
0.53749999999999998,1.3624999999999998,-460.54163267174567,1.630760271386069e-264,1277.1909767047998
0.53749999999999998,1.3999999999999999,-406.47445720068083,4.9370335873394506e-241,1169.0566257626701
0.53749999999999998,1.4375,-357.00896634725393,1.4998775478355963e-219,1070.1256440558163
0.53749999999999998,1.4750000000000001,-311.97485603568458,5.4215243141373699e-200,980.05742343267764
0.53749999999999998,1.5125,-271.2508069972987,2.6323957923102185e-182,898.60932535590587
0.53749999999999998,1.55,-234.66205057946104,2.0447781696415426e-166,825.43181252023055
0.53749999999999998,1.5874999999999999,-202.12803777826309,2.7541553522418563e-152,760.36378691783466
0.53749999999999998,1.625,-173.48773690440487,7.5563673565622162e-140,703.08318517011821
0.53749999999999998,1.6624999999999999,-148.68103504716862,4.4846318195315824e-129,653.46978145564572
0.53749999999999998,1.7,-127.59231185850098,6.4631302053055351e-120,611.29233507831043
0.53749999999999998,1.7375,-110.1388955178798,2.4567745940342377e-112,576.38550239706808
0.53749999999999998,1.7749999999999999,-96.276204630199061,2.5754639141594448e-106,548.6601206217066
0.53749999999999998,1.8125,-85.985761955662554,7.5846918162359304e-102,528.07923527263358
0.53749999999999998,1.8499999999999999,-79.242286619932884,6.4356447999147677e-99,514.59228460117424
0.53749999999999998,1.8875,-76.04616881115814,1.5727090797065553e-97,508.20004898362475
0.53749999999999998,1.925,-76.458828354844115,1.0409566198345157e-97,509.02536807099671
0.53749999999999998,1.9624999999999999,-80.517533545618846,1.7978744613698234e-99,517.14277845254617
0.53749999999999998,2,-88.315096980114788,7.384491440964875e-103,532.73790532153805
0.57499999999999996,0.5,-3187.1445549800874,0,6730.396821321483
0.57499999999999996,0.53749999999999998,-2971.0416422409298,0,6298.1909958431679
0.57499999999999996,0.57499999999999996,-2767.9627754018916,0,5892.0332621650914
0.57499999999999996,0.61250000000000004,-2576.862448019293,0,5509.8326073998942
0.57499999999999996,0.65000000000000002,-2396.6856935100045,0,5149.4790983813173
0.57499999999999996,0.6875,-2226.6396574191044,0,4809.3870261995171
0.57499999999999996,0.72499999999999998,-2065.9410721842564,0,4487.9898557298211
0.57499999999999996,0.76249999999999996,-1913.9117877760887,0,4183.9312869134856
0.57499999999999996,0.80000000000000004,-1770.0474770137907,0,3896.2026653888902
0.57499999999999996,0.83749999999999991,-1633.8377458713794,0,3623.7832031040675
0.57499999999999996,0.875,-1504.8806036158953,0,3365.8689185930994
0.57499999999999996,0.91249999999999998,-1382.8220019668884,0,3121.751715295085
0.57499999999999996,0.94999999999999996,-1267.3319171330918,0,2890.7715456274918
0.57499999999999996,0.98750000000000004,-1158.1920775683939,0,2672.491866498096
0.57499999999999996,1.0249999999999999,-1055.2095971400568,0,2466.5269056414222
0.57499999999999996,1.0625,-958.12040385785679,0,2272.348519077022
0.57499999999999996,1.1000000000000001,-866.79616362624813,0,2089.7000386138047
0.57499999999999996,1.1375,-781.08565352734536,0,1918.2790184159992
0.57499999999999996,1.1749999999999998,-700.8489144861403,0,1757.8055403335891
0.57499999999999996,1.2124999999999999,-625.92832886652616,0,1607.9643690943608
0.57499999999999996,1.25,-556.16730718717804,4.816009692455364e-306,1468.4423257356646
0.57499999999999996,1.2875000000000001,-491.43741882342431,6.230468187628406e-278,1338.9825490081571
0.57499999999999996,1.325,-431.61945666427516,5.9310497549242084e-252,1219.3466246898588
0.57499999999999996,1.3624999999999998,-376.5157098533158,5.0627296829954858e-228,1109.1391310679401
0.57499999999999996,1.3999999999999999,-326.03165724937747,4.2592213375159217e-206,1008.1710258600634
0.57499999999999996,1.4375,-279.99153354581711,4.2101917906600781e-186,916.09077845294269
0.57499999999999996,1.4750000000000001,-238.27419542773839,5.5196510726730768e-168,832.65610221678526
0.57499999999999996,1.5125,-200.73631726511371,1.1076561747208639e-151,757.5803458915359
0.57499999999999996,1.55,-167.22277315884196,3.9733081422046107e-137,690.5532576789924
0.57499999999999996,1.5874999999999999,-137.64285130036711,2.789645934134775e-124,631.3934139620427
0.57499999999999996,1.625,-111.84305118614549,4.4695099589216166e-113,579.79381373359945
0.57499999999999996,1.6624999999999999,-89.761851773439275,1.7378127052447157e-103,535.63141490818703
0.57499999999999996,1.7,-71.281334329085212,1.8449717337356534e-95,498.6703800194789
0.57499999999999996,1.7375,-56.354789596888509,5.6040980857892216e-89,468.81729055508549
0.57499999999999996,1.7749999999999999,-44.909311307639427,5.2385825468748984e-84,445.92633397658733
0.57499999999999996,1.8125,-36.921649854643448,1.5424499615568353e-80,429.95101107059537
0.57499999999999996,1.8499999999999999,-32.345655548144464,1.4980977804278038e-78,420.7990224575974
0.57499999999999996,1.8875,-31.235794353462893,4.5451346430777335e-78,418.57930006823426
0.57499999999999996,1.925,-33.600984375950759,4.2693108558224228e-79,423.30968011320999
0.57499999999999996,1.9624999999999999,-39.548298287026483,1.1155066508073979e-81,435.20430793536144
0.57499999999999996,2,-49.092615887045042,7.9878094600898935e-86,454.29294313539856
0.61250000000000004,0.5,-2986.0038043097893,0,6328.1153199808869
0.61250000000000004,0.53749999999999998,-2776.422077295395,0,5908.9518659520982
0.61250000000000004,0.57499999999999996,-2579.9407120509654,0,5515.9891354632391
0.61250000000000004,0.61250000000000004,-2395.3891960996812,0,5146.8861035606706
0.61250000000000004,0.65000000000000002,-2221.7835583818978,0,4799.6748281251039
0.61250000000000004,0.6875,-2058.2179795502152,0,4472.5436704617387
0.61250000000000004,0.72499999999999998,-1903.9103388002927,0,4163.9283889618937
0.61250000000000004,0.76249999999999996,-1758.240674217333,0,3872.5890597959747
0.61250000000000004,0.80000000000000004,-1620.5300456874547,0,3597.1678027362182
0.61250000000000004,0.83749999999999991,-1490.3718259094062,0,3336.8513631801206
0.61250000000000004,0.875,-1367.3064666017408,0,3090.7206445647903
0.61250000000000004,0.91249999999999998,-1250.9642918940049,0,2858.036295149318
0.61250000000000004,0.94999999999999996,-1141.0175320396511,0,2638.1427754406109
0.61250000000000004,0.98750000000000004,-1037.2723890735933,0,2430.6524895084949
0.61250000000000004,1.0249999999999999,-939.46422010896219,0,2235.0361515792329
0.61250000000000004,1.0625,-847.41153455383085,0,2050.9307804689702
0.61250000000000004,1.1000000000000001,-760.96084375567898,0,1878.0293988726664
0.61250000000000004,1.1375,-679.94088908571734,0,1715.9894895327432
0.61250000000000004,1.1749999999999998,-604.2283338854885,0,1564.5643791322855
0.61250000000000004,1.2124999999999999,-533.64872341560113,2.899906694585538e-296,1423.4051581925107
0.61250000000000004,1.25,-468.09603963719576,8.5418681496669003e-268,1292.2997906357
0.61250000000000004,1.2875000000000001,-407.43657345012082,1.8863588056251762e-241,1170.9808582615501
0.61250000000000004,1.325,-351.49067150611256,3.737840824843871e-217,1059.0890543735336
0.61250000000000004,1.3624999999999998,-300.1594104930378,7.3367582691048811e-195,956.42653234738407
0.61250000000000004,1.3999999999999999,-253.28974255752092,1.6624261558051102e-174,862.68719647635032
0.61250000000000004,1.4375,-210.76229306778595,4.8998073638446919e-156,777.63229749688037
0.61250000000000004,1.4750000000000001,-172.40907930287136,2.2221230658583481e-139,700.9258699670512
0.61250000000000004,1.5125,-138.10263152600112,1.761444932881073e-124,632.31297441331071
0.61250000000000004,1.55,-107.72736379480079,2.7395563167528376e-111,571.56243895091006
0.61250000000000004,1.5874999999999999,-81.148672631216698,9.5644310606219527e-100,518.40505662374187
0.61250000000000004,1.625,-58.24394844522692,8.4733367116648495e-90,472.59560825176231
0.61250000000000004,1.6624999999999999,-38.933538633491793,2.0628083902266033e-81,433.97478862829206
0.61250000000000004,1.7,-23.125833201865078,1.5123702638120039e-74,402.35937776503863
0.61250000000000004,1.7375,-10.744289954614118,3.6049067859834293e-69,377.59629127053671
0.61250000000000004,1.7749999999999999,-1.7742694180644207,2.8348132956743722e-65,359.65625019743732
0.61250000000000004,1.8125,3.8911134279592261,8.1840630947282053e-63,348.32548450539002
0.61250000000000004,1.8499999999999999,6.2062988053550043,8.2878370348756023e-62,343.69511375059847
0.61250000000000004,1.8875,5.1736890641076343,2.9511038337508374e-62,345.76033323309321
0.61250000000000004,1.925,0.78031034796896392,3.6472401239006174e-64,354.54709066537055
0.61250000000000004,1.9624999999999999,-7.0493542070225885,1.4507221618941285e-67,370.20641977535365
0.61250000000000004,2,-18.432268046570897,1.6521427810283488e-72,392.97224745445027
0.65000000000000002,0.5,-2793.735070567076,0,5943.5778524954603
0.65000000000000002,0.53749999999999998,-2590.4972438832342,0,5537.1021991277767
0.65000000000000002,0.57499999999999996,-2400.410546712526,0,5156.9288047863602
0.65000000000000002,0.61250000000000004,-2222.2980376954602,0,4800.7037867522286
0.65000000000000002,0.65000000000000002,-2055.0946641936421,0,4466.2970397485924
0.65000000000000002,0.6875,-1897.8711982059808,0,4151.8501077732699
0.65000000000000002,0.72499999999999998,-1749.8562121168802,0,3855.8201355950691
0.65000000000000002,0.76249999999999996,-1610.356335019063,0,3576.8203813994342
0.65000000000000002,0.80000000000000004,-1478.7227157108905,0,3313.5531427830892
0.65000000000000002,0.83749999999999991,-1354.4948929798279,0,3065.0974973209641
0.65000000000000002,0.875,-1237.19307716003,0,2830.4938656813688
0.65000000000000002,0.91249999999999998,-1126.4877777875226,0,2609.0832669363535
0.65000000000000002,0.94999999999999996,-1022.0273478509683,0,2400.1624070632452
0.65000000000000002,0.98750000000000004,-923.59618554229644,0,2203.3000824459014
0.65000000000000002,1.0249999999999999,-830.95738295087233,0,2018.0224772630531
0.65000000000000002,1.0625,-743.89314619483844,0,1843.8940037509853
0.65000000000000002,1.1000000000000001,-662.2809369018978,0,1680.6695851651041
0.65000000000000002,1.1375,-585.9516137879034,5.5914891336791395e-319,1528.0109389371153
0.65000000000000002,1.1749999999999998,-514.74319934208074,4.7092181282890766e-288,1385.59411004547
0.65000000000000002,1.2124999999999999,-448.52285654287016,2.7044457531851712e-259,1253.1534244470488
0.65000000000000002,1.25,-387.17754244655612,1.1857951706364796e-232,1130.4627962544207
0.65000000000000002,1.2875000000000001,-330.56942759862341,4.5561874837617324e-208,1017.2465665585553
0.65000000000000002,1.325,-278.58803615129568,1.7132985759116308e-185,913.28378366389984
0.65000000000000002,1.3624999999999998,-231.03551588902752,7.6847581534509105e-165,818.17874313936352
0.65000000000000002,1.3999999999999999,-187.83951287483734,4.4199357237720681e-146,731.78673711098315
0.65000000000000002,1.4375,-148.81366091037688,3.9276077966846735e-129,653.73503318206224
0.65000000000000002,1.4750000000000001,-113.88343061756046,5.8094414793276091e-114,583.8745725964294
0.65000000000000002,1.5125,-82.855172945407219,1.7359430415882417e-100,521.81805725212291
0.65000000000000002,1.55,-55.64547536845501,1.1390872303673625e-88,467.39866209821849
0.65000000000000002,1.5874999999999999,-32.115512867345359,1.8857749260009251e-78,420.33873709599919
0.65000000000000002,1.625,-12.167622759203852,8.6845727279979034e-70,380.44295687971618
0.65000000000000002,1.6624999999999999,4.3160728460576934,1.2517756498947406e-62,347.47556566919309
0.65000000000000002,1.7,17.403449598971264,6.0436875742468689e-57,321.30081216336595
0.65000000000000002,1.7375,27.152407897160401,1.0356685750556593e-52,301.80289556698767
0.65000000000000002,1.7749999999999999,33.630733112350953,6.7409590939797953e-50,288.84624513660657
0.65000000000000002,1.8125,36.898473235705154,1.7696329478361215e-48,282.31076488989817
0.65000000000000002,1.8499999999999999,36.904902763422854,1.781047507716942e-48,282.29790583446277
0.65000000000000002,1.8875,33.698633749099713,7.2145718611379438e-50,288.71044386310905
0.65000000000000002,1.925,27.209025553811699,1.0959974271800352e-52,301.68966025368508
0.65000000000000002,1.9624999999999999,17.386752393592644,5.9436126920406774e-57,321.33420657412319
0.65000000000000002,2,4.1471350499124924,1.0572014413376155e-62,347.81344126148349
0.6875,0.5,-2610.314033547113,0,5576.7357784555343
0.6875,0.53749999999999998,-2413.2480722172595,0,5182.6038557958273
0.6875,0.57499999999999996,-2229.3926489653581,0,4814.8930092920245
0.6875,0.61250000000000004,-2057.5127217790555,0,4471.1331549194192
0.6875,0.65000000000000002,-1896.5432213348276,0,4149.1941540309635
0.6875,0.6875,-1745.4941925379494,0,3847.0960964372071
0.6875,0.72499999999999998,-1603.6194495488644,0,3563.346610459037
0.6875,0.76249999999999996,-1470.1136530691206,0,3296.3350174995494
0.6875,0.80000000000000004,-1344.434343369112,0,3044.9763980995326
0.6875,0.83749999999999991,-1225.9937368025112,0,2808.0951849663311
0.6875,0.875,-1114.3502083596491,0,2584.8081280806064
0.6875,0.91249999999999998,-1009.1842478108837,0,2374.4762069830758
0.6875,0.94999999999999996,-910.12522661283344,0,2176.3581645869754
0.6875,0.98750000000000004,-816.94305649079058,0,1989.9938243428896
0.6875,1.0249999999999999,-729.38946433746105,0,1814.8866400362306
0.6875,1.0625,-647.27932238810217,0,1650.6663561375128
0.6875,1.1000000000000001,-570.43801597089555,3.0549019427377431e-312,1496.9837433030996
0.6875,1.1375,-498.74468343687499,4.1784574444926664e-281,1353.5970782350585
0.6875,1.1749999999999998,-432.04608179705758,3.8712447223057113e-252,1220.1998749554236
0.6875,1.2124999999999999,-370.17657537688603,2.8670539328784516e-225,1096.4608621150805
0.6875,1.25,-313.05769667132597,1.8359028540128003e-200,982.22310470396042
0.6875,1.2875000000000001,-260.53911981085508,1.1813479306560347e-177,877.18595098301864
0.6875,1.325,-212.48257257086982,8.7714443131316374e-157,781.07285650304811
0.6875,1.3624999999999998,-168.74275774470948,8.6902311635837651e-138,693.59322685072743
0.6875,1.3999999999999999,-129.2172087815257,1.2727969850914923e-120,614.54212892435987
0.6875,1.4375,-93.765666071280236,3.170797535246859e-105,543.63904350386895
0.6875,1.4750000000000001,-62.253056035122654,1.5378754390554236e-91,480.61382343155378
0.6875,1.5125,-34.565967366777045,1.6265633767968568e-79,425.23964609486256
0.6875,1.55,-10.565968781808778,4.308617497155459e-69,377.23964892492603
0.6875,1.5874999999999999,9.8885680243769514,3.2932932618961892e-60,336.33057531255457
0.6875,1.625,26.835188390666843,7.5414371771731224e-53,302.43733457997479
0.6875,1.6624999999999999,40.435144068836792,6.0791074919430862e-47,275.23742322363489
0.6875,1.7,50.746921529926766,1.8288912103383545e-42,254.61386830145494
0.6875,1.7375,57.838262053016138,2.1974445814282414e-39,240.4311872552762
0.6875,1.7749999999999999,61.778592764216256,1.1302689989398269e-37,232.55052583287596
0.6875,1.8125,62.564499217175467,2.4802568156490705e-37,230.97871292695754
0.6875,1.8499999999999999,60.230858692328582,2.404415112848322e-38,235.64599397665131
0.6875,1.8875,54.764391237802386,1.0161382463295744e-40,246.5789288857037
0.6875,1.925,46.120242756198081,1.7899743667408395e-44,263.86722584891231
0.6875,1.9624999999999999,34.254919949323323,1.2583532951332241e-49,287.59787146266183
0.6875,2,19.081287983321459,3.2357723338873237e-56,317.94513539466556
0.72499999999999998,0.5,-2435.7047560438173,0,5227.5172234489428
0.72499999999999998,0.53749999999999998,-2244.6043046422137,0,4845.3163206457357
0.72499999999999998,0.57499999999999996,-2066.7573318778036,0,4489.6223751169155
0.72499999999999998,0.61250000000000004,-1900.9226641194791,0,4157.9530396002665
0.72499999999999998,0.65000000000000002,-1746.0005355683675,0,3848.1087824980436
0.72499999999999998,0.6875,-1600.9822915052141,0,3558.0722943717369
0.72499999999999998,0.72499999999999998,-1465.040639892834,0,3286.1889911469766
0.72499999999999998,0.76249999999999996,-1337.3805633259367,0,3030.8688380131821
0.72499999999999998,0.80000000000000004,-1217.4598779769362,0,2791.0274673151807
0.72499999999999998,0.83749999999999991,-1104.6881556616031,0,2565.4840226845145
0.72499999999999998,0.875,-998.62104335113338,0,2353.3497980635752
0.72499999999999998,0.91249999999999998,-898.86249865557204,0,2153.8327086724526
0.72499999999999998,0.94999999999999996,-805.08544371623361,0,1966.2785987937757
0.72499999999999998,0.98750000000000004,-717.05492935283257,0,1790.2175700669736
0.72499999999999998,1.0249999999999999,-634.53383086911492,0,1625.1753730995383
0.72499999999999998,1.0625,-557.30532551735371,1.5433068051301266e-306,1470.7183623960159
0.72499999999999998,1.1000000000000001,-485.19475964088826,3.2038569600544313e-275,1326.497230643085
0.72499999999999998,1.1375,-418.10904957917035,4.3714630578491277e-246,1192.3258105196492
0.72499999999999998,1.1749999999999998,-355.87022583635746,4.6838666725897992e-219,1067.8481630340234
0.72499999999999998,1.2124999999999999,-298.34622290996066,4.4974005865560299e-194,952.80015718122979
0.72499999999999998,1.25,-245.41366051159287,4.378056226339951e-171,846.93503238449421
0.72499999999999998,1.2875000000000001,-196.94940514709413,4.8869737826945881e-150,750.00652165549673
0.72499999999999998,1.325,-152.84365775686274,6.9810817055890504e-131,661.79502687503395
0.72499999999999998,1.3624999999999998,-112.9490335136673,1.4788968618171575e-113,582.00577838864308
0.72499999999999998,1.3999999999999999,-77.103685840960509,5.4622878602395087e-98,510.31508304322949
0.72499999999999998,1.4375,-45.246757858375446,3.7382007197230916e-84,446.60122707805937
0.72499999999999998,1.4750000000000001,-17.181731828133849,5.7696378773642912e-72,390.47117501757617
0.72499999999999998,1.5125,7.143696568508517,2.1161569679652996e-61,341.82031822429144
0.72499999999999998,1.55,27.922269659673532,2.2364928499895087e-52,300.26317204196141
0.72499999999999998,1.5874999999999999,45.211580641831006,7.2147264549162594e-45,265.68455007764646
0.72499999999999998,1.625,59.162486782930074,8.2607869984373165e-39,237.78273779544833
0.72499999999999998,1.6624999999999999,69.835579461503173,3.5668650575260433e-34,216.43655243830213
0.72499999999999998,1.7,77.334968499118119,6.445104391154314e-31,201.43777436307224
0.72499999999999998,1.7375,81.704887887369196,5.0940339220613334e-29,192.69793558657008
0.72499999999999998,1.7749999999999999,83.038759348730082,1.9335475106533498e-28,190.03019266384831
0.72499999999999998,1.8125,81.315414724849973,3.4507682010746637e-29,193.47688191160853
0.72499999999999998,1.8499999999999999,76.571713911162718,3.0043650431258821e-31,202.96428353898304
0.72499999999999998,1.8875,68.803120200546999,1.2702678883077279e-34,218.50147096021448
0.72499999999999998,1.925,57.96441254266071,2.4928973315105122e-39,240.17888627598705
0.72499999999999998,1.9624999999999999,43.99673159181981,2.1410047498177121e-45,268.11424817766886
0.72499999999999998,2,26.795851005847197,7.2505359196701422e-53,302.51600934961408
0.76249999999999996,0.5,-2269.7901589035787,0,4895.6880291684656
0.76249999999999996,0.53749999999999998,-2084.4665673445415,0,4525.0408460503913
0.76249999999999996,0.57499999999999996,-1912.4555215509372,0,4181.0187544631826
0.76249999999999996,0.61250000000000004,-1752.4857834562572,0,3861.0792782738231
0.76249999999999996,0.65000000000000002,-1603.396898595418,0,3562.9015085521442
0.76249999999999996,0.6875,-1464.1613684102863,0,3284.4304481818813
0.76249999999999996,0.72499999999999998,-1333.9860372263533,0,3024.0797858140154
0.76249999999999996,0.76249999999999996,-1212.045590597088,0,2780.1988925554842
0.76249999999999996,0.80000000000000004,-1097.7303582810659,0,2551.5684279234406
0.76249999999999996,0.83749999999999991,-990.46156836743,0,2337.0308480961685
0.76249999999999996,0.875,-889.77266012360417,0,2135.6530316085168
0.76249999999999996,0.91249999999999998,-795.31174401596513,0,1946.7311993932387
0.76249999999999996,0.94999999999999996,-706.7422435976996,0,1769.5921985567077
0.76249999999999996,0.98750000000000004,-623.72802449122548,0,1603.5637603437594
0.76249999999999996,1.0249999999999999,-546.14615939252803,1.0834691296210891e-301,1448.4000301463645
0.76249999999999996,1.0625,-473.70394710460084,3.1337878711544423e-270,1303.5156055705102
0.76249999999999996,1.1000000000000001,-406.29351466949856,5.9162759805927219e-241,1168.6947407003056
0.76249999999999996,1.1375,-343.7554943846751,8.5499887538463481e-214,1043.6187001306587
0.76249999999999996,1.1749999999999998,-285.94344022566315,1.0950189934943359e-188,927.99459181263478
0.76249999999999996,1.2124999999999999,-232.71877084412824,1.4275846374120245e-165,821.54525304956496
0.76249999999999996,1.25,-183.96869043449186,2.1207661357931289e-144,724.0450922302922
0.76249999999999996,1.2875000000000001,-139.54876500271314,4.1478331821302072e-125,635.20524136673475
0.76249999999999996,1.325,-99.378242688988848,1.1578637505342552e-107,554.86419673928617
0.76249999999999996,1.3624999999999998,-63.283229618790983,5.4893694147256993e-92,482.67417059889044
0.76249999999999996,1.3999999999999999,-31.180669085988114,4.8027209366235982e-78,418.4690495332847
0.76249999999999996,1.4375,-2.8905317923002656,9.284058567853856e-66,361.88877494590901
0.76249999999999996,1.4750000000000001,21.653611930184837,4.2376399402745959e-55,312.8004875009388
0.76249999999999996,1.5125,42.642654139183122,5.5277610960661241e-46,270.82240308294223
0.76249999999999996,1.55,60.133481925696557,2.18131937370734e-38,235.84074750991536
0.76249999999999996,1.5874999999999999,74.281426995473467,3.0415413892016628e-32,207.54485737036154
0.76249999999999996,1.625,85.165437747183702,1.6216590166515657e-27,185.77683586694107
0.76249999999999996,1.6624999999999999,92.896337187099036,3.6935714792501206e-24,170.3150369871104
0.76249999999999996,1.7,97.518996541675733,3.7587371593112428e-22,161.06971827795701
0.76249999999999996,1.7375,99.150489281618064,1.92127818528983e-21,157.80673279807235
0.76249999999999996,1.7749999999999999,97.811956672474949,5.0381712544608107e-22,160.48379801635858
0.76249999999999996,1.8125,93.538545711773438,7.0202750289827513e-24,169.0306199377616
0.76249999999999996,1.8499999999999999,86.341439066770221,5.2564244285430535e-27,183.42483322776803
0.76249999999999996,1.8875,76.194394755793255,2.0600846829118224e-31,203.71892184972197
0.76249999999999996,1.925,63.104729228404537,4.2571167876961031e-37,229.8982529044994
0.76249999999999996,1.9624999999999999,46.952430882726787,4.1139738136157946e-44,262.2028495958549
0.76249999999999996,2,27.720801910796069,1.828399873051477e-52,300.66610753971634
0.80000000000000004,0.5,-2112.4795033423716,0,4581.0667180460514
0.80000000000000004,0.53749999999999998,-1932.6831744448459,0,4221.4740602510001
0.80000000000000004,0.57499999999999996,-1766.2934568707551,0,3888.6946251028189
0.80000000000000004,0.61250000000000004,-1611.9593679063496,0,3580.0264471740074
0.80000000000000004,0.65000000000000002,-1468.5189407840135,0,3293.1455929293352
0.80000000000000004,0.6875,-1334.9332211263022,0,3025.9741536139127
0.80000000000000004,0.72499999999999998,-1210.2870228581323,0,2776.6817570775729
0.80000000000000004,0.76249999999999996,-1093.8878564676202,0,2543.8834242965486
0.80000000000000004,0.80000000000000004,-984.9825090098617,0,2326.0727293810319
0.80000000000000004,0.83749999999999991,-883.10436167645469,0,2122.3164347142178
0.80000000000000004,0.875,-787.66457810747693,0,1931.4368675762623
0.80000000000000004,0.91249999999999998,-698.35411192490994,0,1752.8159352111284
0.80000000000000004,0.94999999999999996,-614.85198861265781,0,1585.8116885866241
0.80000000000000004,0.98750000000000004,-536.79139844943097,1.2518076433260034e-297,1429.6905082601704
0.80000000000000004,1.0249999999999999,-464.02534916501531,5.0053133738172174e-266,1284.1584096913391
0.80000000000000004,1.0625,-396.33447544052183,1.2508470447597474e-236,1148.7766622423521
0.80000000000000004,1.1000000000000001,-333.54044557590095,2.3350967183831369e-209,1023.1886025131104
0.80000000000000004,1.1375,-275.4675708819646,3.8818066647179591e-184,907.04285312523768
0.80000000000000004,1.1749999999999998,-222.03087072658644,6.256016852244218e-161,800.16945281448136
0.80000000000000004,1.2124999999999999,-173.07855944060702,1.1376707120645208e-139,702.26483024252252
0.80000000000000004,1.25,-128.46213051909132,2.7082294767105023e-120,613.03197239949111
0.80000000000000004,1.2875000000000001,-88.106833104953068,9.0942825512257209e-103,532.32137757121461
0.80000000000000004,1.325,-51.84632057571082,5.0875529894372712e-87,459.80035251273011
0.80000000000000004,1.3624999999999998,-19.565722019092107,5.3185686746235049e-73,395.23915539949269
0.80000000000000004,1.3999999999999999,8.8605279022090997,1.1780351616807558e-60,338.38665555689028
0.80000000000000004,1.4375,33.532337245088513,6.1092642363407562e-50,289.04303687113145
0.80000000000000004,1.4750000000000001,54.616245323135232,8.7622137783826121e-41,246.87522071503801
0.80000000000000004,1.5125,72.201982666069128,3.8019161377925291e-33,211.70374602917022
0.80000000000000004,1.55,86.426186319780172,5.7213127578294256e-27,183.25533872174813
0.80000000000000004,1.5874999999999999,97.381544929692723,3.2760270635685142e-22,161.34462150192303
0.80000000000000004,1.625,105.16972893495297,7.9015595659219996e-19,145.76825349140253
0.80000000000000004,1.6624999999999999,109.9070546792984,9.0179380623865402e-17,136.29360200271168
0.80000000000000004,1.7,111.66121353223626,5.2110922134808444e-16,132.78528429683595
0.80000000000000004,1.7375,110.49900899067647,1.6300080119913794e-16,135.10969337995553
0.80000000000000004,1.7749999999999999,106.45460248780469,2.8557902881289008e-18,143.19850638569909
0.80000000000000004,1.8125,99.576891679635082,2.9428929203522276e-21,156.95392800203831
0.80000000000000004,1.8499999999999999,89.878438338585084,1.8062992067407228e-25,176.35083468413831
0.80000000000000004,1.8875,77.327858707322065,6.3994435526995405e-31,201.45199394666435
0.80000000000000004,1.925,61.929262995926038,1.3140656598563319e-37,232.2491853694564
0.80000000000000004,1.9624999999999999,43.543692853617529,1.3610228190409095e-45,269.02032565407342
0.80000000000000004,2,22.175712015185496,7.1428123218741849e-55,311.75628733093748
0.83749999999999991,0.5,-1963.5242417349364,0,4283.156194831181
0.83749999999999991,0.53749999999999998,-1789.1007057414863,0,3934.3091228442809
0.83749999999999991,0.57499999999999996,-1628.1207205760966,0,3612.3491525135014
0.83749999999999991,0.61250000000000004,-1479.2237447154239,0,3314.5552007921565
0.83749999999999991,0.65000000000000002,-1341.2075009284081,0,3038.5227132181244
0.83749999999999991,0.6875,-1213.0626602579669,0,2782.233031877242
0.83749999999999991,0.72499999999999998,-1093.8245166513198,0,2543.7567446639478
0.83749999999999991,0.76249999999999996,-982.75087500372354,0,2321.6094613687555
0.83749999999999991,0.80000000000000004,-879.13376109420926,0,2114.375233549727
0.83749999999999991,0.83749999999999991,-782.42372341449504,0,1920.9551581902986
0.83749999999999991,0.875,-692.12898719091015,0,1740.3656857431288
0.83749999999999991,0.91249999999999998,-607.84066490874204,0,1571.7890411787926
0.83749999999999991,0.94999999999999996,-529.23810895482234,2.3872040724649031e-294,1414.5839292709531
0.83749999999999991,0.98750000000000004,-456.05341313592589,1.4507717846010026e-262,1268.2145376331603
0.83749999999999991,1.0249999999999999,-388.00794262049067,5.1685826328458783e-233,1132.1235966022898
0.83749999999999991,1.0625,-324.96455435958012,1.2381324501747538e-205,1006.0368200804687
0.83749999999999991,1.1000000000000001,-266.6784621446987,2.5473893381688038e-180,889.46463565070587
0.83749999999999991,1.1375,-213.05690845944173,4.9390133877825614e-157,782.22152828019193
0.83749999999999991,1.1749999999999998,-163.93725304318264,1.0617823545209847e-135,683.98221744767375
0.83749999999999991,1.2124999999999999,-119.19533147727213,2.8655312529898411e-116,594.49837431585274
0.83749999999999991,1.25,-78.701703913899053,1.105004769306572e-98,513.51111918910658
0.83749999999999991,1.2875000000000001,-42.318886049609347,6.9858810578608702e-83,440.74548346052717
0.83749999999999991,1.325,-9.9753683333779577,7.7773645558540363e-69,376.05844802806439
0.83749999999999991,1.3624999999999998,18.503349044593307,1.8154415272180429e-56,319.10101327212186
0.83749999999999991,1.3999999999999999,43.235054311874705,9.9959802897629221e-46,269.63760273755906
0.83749999999999991,1.4375,64.308126042557049,1.4182218121014006e-36,227.49145927619438
0.83749999999999991,1.4750000000000001,81.894677403717097,6.1586620365932433e-29,192.31835655387428
0.83749999999999991,1.5125,96.082602760030781,8.9376648307490335e-23,163.94250584124691
0.83749999999999991,1.55,107.01220605360611,4.9875867674965808e-18,142.08329925409626
0.83749999999999991,1.5874999999999999,114.78376849335615,1.1831427515618537e-14,126.54017437459619
0.83749999999999991,1.625,119.47707161077639,1.2921495872483588e-12,117.15356813975568
0.83749999999999991,1.6624999999999999,121.21296505632026,7.3316502266965077e-12,113.68178124866795
0.83749999999999991,1.7,120.05371389714696,2.3000927877768334e-12,116.00028356701453
0.83749999999999991,1.7375,116.08230668660832,4.3349602475819146e-14,123.94309798809184
0.83749999999999991,1.7749999999999999,109.30720668136777,4.9499016803316464e-17,137.49329799857293
0.83749999999999991,1.8125,99.80613922440773,3.7011390693021262e-21,156.49543291249302
0.83749999999999991,1.8499999999999999,87.554582233025897,1.7682831470315835e-26,180.99854689525668
0.83749999999999991,1.8875,72.562995628245162,5.4549210630180496e-33,210.98172010481815
0.83749999999999991,1.925,54.765210733165389,1.0169713082091641e-40,246.5772898949777
0.83749999999999991,1.9624999999999999,34.141921683013294,1.1239010247016479e-49,287.82386799528189
0.83749999999999991,2,10.564954833786487,6.4771128613220197e-60,334.9778016937355
0.875,0.5,-1822.7709008966995,0,4001.6495131547072
0.875,0.53749999999999998,-1653.4916688515091,0,3663.0910490643264
0.875,0.57499999999999996,-1497.7273337029064,0,3351.5623787671211
0.875,0.61250000000000004,-1354.0822590219536,0,3064.2722294052155
0.875,0.65000000000000002,-1221.3499702907325,0,2798.8076519427732
0.875,0.6875,-1098.4189889454392,0,2552.9456892521871
0.875,0.72499999999999998,-984.38251616745572,0,2324.8727436962199
0.875,0.76249999999999996,-878.46963106332544,0,2113.0469734879593
0.875,0.80000000000000004,-779.9640558720622,0,1916.0358231054329
0.875,0.83749999999999991,-688.28660480306178,0,1732.680920967432
0.875,0.875,-602.94938853218503,0,1562.0064884256785
0.875,0.91249999999999998,-523.57477956315586,6.8776845178659966e-292,1403.2572704876202
0.875,0.94999999999999996,-449.81168424819271,7.4532813256302677e-260,1255.7310798576939
0.875,0.98750000000000004,-381.32866575034245,4.1128659208423511e-230,1118.7650428619934
0.875,1.0249999999999999,-317.93230604267251,1.402276789226821e-202,991.97232344665349
0.875,1.0625,-259.41066607366895,3.6513970136576733e-177,874.92904350864637
0.875,1.1000000000000001,-205.5907933571383,8.6324245973431349e-154,767.28929807558507
0.875,1.1375,-156.33028890917274,2.1364761599910794e-132,668.76828917965395
0.875,1.1749999999999998,-111.46856678232604,6.4997465092138894e-113,579.04484492596055
0.875,1.2124999999999999,-70.891715188522966,2.7239501762664211e-95,497.89114173835441
0.875,1.25,-34.45350655485359,1.8201706187005606e-79,425.01472447101565
0.875,1.2875000000000001,-2.0704794931358776,2.1080555936584546e-65,360.24867034758023
0.875,1.325,26.411286005832011,4.9357783759637584e-53,303.28513934964445
0.875,1.3624999999999998,51.127114779092821,2.6748763003000844e-42,253.85348180312283
0.875,1.3999999999999999,72.172425946916263,3.6911884053681994e-33,211.76285946747595
0.875,1.4375,89.708336139545153,1.5237553546809548e-25,176.69103908221817
0.875,1.4750000000000001,103.79070567099458,1.9898054884049601e-19,148.52630001931931
0.875,1.5125,114.59431139154614,9.7894202677758165e-15,126.91908857821619
0.875,1.55,122.22216595197476,2.0113706929861911e-11,111.66337945735896
0.875,1.5874999999999999,126.782603798189,1.9233800609785438e-09,102.54250376493049
0.875,1.625,128.36924180164047,9.400116568886161e-09,99.369227758027549
0.875,1.6624999999999999,127.07188291470754,2.5686056504501477e-09,101.9639455318934
0.875,1.7,122.99444720970021,4.3540118489041246e-11,110.11881694190807
0.875,1.7375,116.16176170493759,4.6934478349325384e-14,123.78418795143328
0.875,1.7749999999999999,106.66813034086557,3.5355768422892187e-18,142.77145067957733
0.875,1.8125,94.483707479925386,1.8064779585590006e-23,167.1402964014577
0.875,1.8499999999999999,79.669626282762479,6.6551668582102967e-30,196.76845879578352
0.875,1.8875,62.181232018356894,1.6906192986158513e-37,231.74524732459469
0.875,1.925,42.001491099360891,2.9113585521375561e-46,272.10472916258669
0.875,1.9624999999999999,19.051361839517085,3.1403727364192005e-56,318.0049876822743
0.875,2,-6.749133362779105,1.9587026080125832e-67,369.60597808686668
0.91249999999999998,0.5,-1689.9990153377025,0,3736.1057420367133
0.91249999999999998,0.53749999999999998,-1525.7039607465535,0,3407.5156328544158
0.91249999999999998,0.57499999999999996,-1374.9401709239764,0,3105.9880532092616
0.91249999999999998,0.61250000000000004,-1236.3284412035296,0,2828.7645937683674
0.91249999999999998,0.65000000000000002,-1108.647759518467,0,2573.4032303982422
0.91249999999999998,0.6875,-990.78996906803411,0,2337.6876494973767
0.91249999999999998,0.72499999999999998,-881.78322983672763,0,2119.6741710347637
0.91249999999999998,0.76249999999999996,-780.85163854422547,0,1917.8109884497594
0.91249999999999998,0.80000000000000004,-687.30415712742217,0,1730.7160256161528
0.91249999999999998,0.83749999999999991,-600.53018534149976,0,1557.168082044308
0.91249999999999998,0.875,-520.02246288242998,2.3999035220516254e-290,1396.1526371261684
0.91249999999999998,0.91249999999999998,-445.40348252639387,6.1207578320687718e-258,1246.9146764140962
0.91249999999999998,0.94999999999999996,-376.32156641953236,6.147522988983848e-228,1108.7508442003732
0.91249999999999998,0.98750000000000004,-312.436288713865,3.4176197748307165e-200,980.98028878903847
0.91249999999999998,1.0249999999999999,-253.57884816875873,1.245045983487532e-174,863.26540769882592
0.91249999999999998,1.0625,-199.53389316010743,3.6864735867034086e-151,755.17549768152332
0.91249999999999998,1.1000000000000001,-150.09185555127141,1.0939947406275727e-129,656.29142246385129
0.91249999999999998,1.1375,-105.09972867837149,3.7918195738729003e-110,566.30716871805146
0.91249999999999998,1.1749999999999998,-64.424966143974814,1.7525587502320408e-92,484.9576436492581
0.91249999999999998,1.2124999999999999,-27.97158420811374,1.1889818004523111e-76,412.05087977753595
0.91249999999999998,1.25,4.4548376247289241,1.4381072538048783e-62,347.19803611185063
0.91249999999999998,1.2875000000000001,32.918560920850069,3.3069622610958337e-50,290.27058951960834
0.91249999999999998,1.325,57.567590689136509,1.6763583091093012e-39,240.97252998303546
0.91249999999999998,1.3624999999999998,78.530567944249427,2.1304541769967681e-30,199.04657547280962
0.91249999999999998,1.3999999999999999,95.920748814336221,7.6020686782206074e-23,164.26621373263603
0.91249999999999998,1.4375,109.8721452879942,8.7085588719301435e-17,136.36342078532007
0.91249999999999998,1.4750000000000001,120.48673305716559,3.5465263257376304e-12,115.13424524697727
0.91249999999999998,1.5125,127.9101252535221,5.9393846992602355e-09,100.2874608542643
0.91249999999999998,1.55,132.25246959600696,4.566649104929973e-07,91.602772169294568
0.91249999999999998,1.5874999999999999,133.61170320992429,1.7778916917250454e-06,88.884304941459916
0.91249999999999998,1.625,132.08691518845092,3.8698869354416723e-07,91.933880984406656
0.91249999999999998,1.6624999999999999,127.77570111208206,5.1923241009036694e-09,100.55630913714435
0.91249999999999998,1.7,120.74458586015018,4.5897310502376572e-12,114.61853964100811
0.91249999999999998,1.7375,111.07022998255555,2.8858108625663649e-16,133.96725139619738
0.91249999999999998,1.7749999999999999,98.797218943163173,1.3494813690931874e-21,158.51327347498213
0.91249999999999998,1.8125,83.923189981270042,4.6822887365690787e-28,188.26133139876839
0.91249999999999998,1.8499999999999999,66.52500696589054,1.3017371897740217e-35,223.05769742952739
0.91249999999999998,1.8875,46.510921539994371,2.6455529103382365e-44,263.08586828131973
0.91249999999999998,1.925,23.89650086436211,3.9920717734075475e-54,308.31470963258425
0.91249999999999998,1.9624999999999999,-1.3925398170972301,4.1524797215979204e-65,358.89279099550293
0.91249999999999998,2,-29.468816745759028,2.6603291781998534e-77,415.04534485282653
0.94999999999999996,0.5,-1564.9176471978599,0,3485.943005757028
0.94999999999999996,0.53749999999999998,-1405.3905703966507,0,3166.88885215461
0.94999999999999996,0.57499999999999996,-1259.4984153239029,0,2875.1045420091141
0.94999999999999996,0.61250000000000004,-1125.7740858507323,0,2607.6558830627728
0.94999999999999996,0.65000000000000002,-1002.9775180783473,0,2362.0627475180031
0.94999999999999996,0.6875,-889.98736362165562,0,2136.0824386046197
0.94999999999999996,0.72499999999999998,-785.84978073205809,0,1927.8072728254247
0.94999999999999996,0.76249999999999996,-689.73233883193973,0,1735.5723890251879
0.94999999999999996,0.80000000000000004,-600.95331294790435,0,1558.0143372571172
0.94999999999999996,0.83749999999999991,-518.93276171187711,7.1358381050917073e-290,1393.9732347850627
0.94999999999999996,0.875,-443.13550399203837,5.9125627034054499e-257,1242.3787193453852
0.94999999999999996,0.91249999999999998,-373.13567942398288,1.4870079952500723e-226,1102.3790702092742
0.94999999999999996,0.94999999999999996,-308.61742152532048,1.5568138658698356e-198,973.34255441194944
0.94999999999999996,0.98750000000000004,-249.26612664644989,9.2934410980883425e-173,854.63996465420826
0.94999999999999996,1.0249999999999999,-194.85206920342682,3.9801682976479018e-149,745.81184976816212
0.94999999999999996,1.0625,-145.14402997022825,1.5410920547467167e-127,646.39577130176497
0.94999999999999996,1.1000000000000001,-99.981170507806837,6.3359134039168243e-108,556.07005237692215
0.94999999999999996,1.1375,-59.205230683247692,3.2402229454919669e-90,474.51817272780386
0.94999999999999996,1.1749999999999998,-22.68771325129552,2.3438575128208435e-74,401.48313786389951
0.94999999999999996,1.2124999999999999,9.7439270057156762,2.8497949288891102e-60,336.61985734987712
0.94999999999999996,1.25,38.188792230553844,6.4307498304309833e-48,279.73012690020079
0.94999999999999996,1.2875000000000001,62.752647088742251,2.9936997021365151e-37,230.60241718382397
0.94999999999999996,1.325,83.610507320602821,3.4250099471715044e-28,188.88669672010283
0.94999999999999996,1.3624999999999998,100.87868263835739,1.0817703908259131e-20,154.3503460845937
0.94999999999999996,1.3999999999999999,114.63685389618115,1.021487246018559e-14,126.83400356894619
0.94999999999999996,1.4375,125.04220442967943,3.3745764197115938e-10,106.0233025019496
0.94999999999999996,1.4750000000000001,132.21886827957408,4.4157530337825021e-07,91.669974802160311
0.94999999999999996,1.5125,136.27137644848517,2.5408949589460844e-05,83.564958464338133
0.94999999999999996,1.55,137.34702233432049,7.4496142374906921e-05,81.413666692667505
0.94999999999999996,1.5874999999999999,135.49724112357703,1.1716125410297365e-05,85.113229114154436
0.94999999999999996,1.625,130.87256776252647,1.1489837603506387e-07,94.362575836255516
0.94999999999999996,1.6624999999999999,123.5165241240974,7.3387945477653132e-11,109.07466311311366
0.94999999999999996,1.7,113.5617567917176,3.4859745212257996e-15,128.98419777787328
0.94999999999999996,1.7375,101.02746879406099,1.2553132028847707e-20,154.05277377318649
0.94999999999999996,1.7749999999999999,85.969775888952753,3.6247591740303685e-27,184.16815958340297
0.94999999999999996,1.8125,68.412177767413979,8.5923345445955857e-35,219.28335582648052
0.94999999999999996,1.8499999999999999,48.393066904377633,1.7374879352281506e-43,259.32157755255321
0.94999999999999996,1.8875,25.855257706534616,2.8305812712808848e-53,304.39719594823924
0.94999999999999996,1.925,0.78306974367799853,3.6573182009548551e-64,354.54157187395248
0.94999999999999996,1.9624999999999999,-26.897357264014204,3.4810161736738148e-76,409.90242588933688
0.94999999999999996,2,-57.279137387759704,2.2236507790889814e-89,470.66598613682788
0.98750000000000004,0.5,-1447.2424263358039,0,3250.5925640329165
0.98750000000000004,0.53749999999999998,-1292.3705841298629,0,2940.8488796210345
0.98750000000000004,0.57499999999999996,-1151.1369224355972,0,2658.3815562325026
0.98750000000000004,0.61250000000000004,-1022.1364842062493,0,2400.3806797738071
0.98750000000000004,0.65000000000000002,-904.03959064266303,0,2164.1868926466345
0.98750000000000004,0.6875,-795.7585585300634,0,1947.6248284214353
0.98750000000000004,0.72499999999999998,-696.31087776545201,0,1748.7294668922125
0.98750000000000004,0.76249999999999996,-604.90624856913519,0,1565.9202084995788
0.98750000000000004,0.80000000000000004,-520.78166069373935,1.1232550064748219e-290,1397.6710327487872
0.98750000000000004,0.83749999999999991,-443.34594186401694,4.7905320816139591e-257,1242.7995950893423
0.98750000000000004,0.875,-372.10690264980383,4.1601154172017927e-226,1100.3215166609161
0.98750000000000004,0.91249999999999998,-306.6412359288127,1.1232674931865543e-197,969.39018321893388
0.98750000000000004,0.94999999999999996,-246.56542673956909,1.3838073007926162e-171,849.23856484044666
0.98750000000000004,0.98750000000000004,-191.59987517594851,1.0287535725716186e-147,739.3074617132055
0.98750000000000004,1.0249999999999999,-141.52170457388968,5.7674589577614502e-126,639.15112050908783
0.98750000000000004,1.0625,-96.095745715878365,3.0848054527402078e-106,548.29920279306521
0.98750000000000004,1.1000000000000001,-55.145578212987573,1.8778442099482514e-88,466.39886778728362
0.98750000000000004,1.1375,-18.5009879128867,1.5424209603835716e-72,393.10968718708187
0.98750000000000004,1.1749999999999998,13.976026541776292,1.9624160388123966e-58,328.15565827775589
0.98750000000000004,1.2124999999999999,42.395358186014391,4.3166814116506778e-46,271.31699498927969
0.98750000000000004,1.25,66.925200544184122,1.9423396479477654e-35,222.25731027294023
0.98750000000000004,1.2875000000000001,87.685133663475099,2.0148817984875464e-26,180.73744403435828
0.98750000000000004,1.325,104.7981579650244,5.4493110261780785e-19,146.51139543125967
0.98750000000000004,1.3624999999999998,118.36943356485881,4.2684647759314264e-13,119.36884423159086
0.98750000000000004,1.3999999999999999,128.54633409068356,1.1221306971538754e-08,99.015043179941358
0.98750000000000004,1.4375,135.43359213230801,1.0993642397286348e-05,85.240527096692446
0.98750000000000004,1.4750000000000001,139.18153867126301,0.00046650264062951568,77.744634018782463
0.98750000000000004,1.5125,139.88696880060812,0.00094453600803776126,76.333773760092257
0.98750000000000004,1.55,137.69169821702798,0.00010515371442637646,80.724314927252536
0.98750000000000004,1.5874999999999999,132.66736025216386,6.9148436505955796e-07,90.772990856980755
0.98750000000000004,1.625,124.9342205577329,3.0291617746856497e-10,106.23927024584268
0.98750000000000004,1.6624999999999999,114.57049941336277,9.5590682586667427e-15,126.96671253458292
0.98750000000000004,1.7,101.6905974896824,2.4363811451160291e-20,152.72651638194367
0.98750000000000004,1.7375,86.291984908144116,5.0027955717648194e-27,183.52374154502024
0.98750000000000004,1.7749999999999999,68.464460376267937,9.0535150228335515e-35,219.1787906087726
0.98750000000000004,1.8125,48.202871348236329,1.4365505643979289e-43,259.70196866483582
0.98750000000000004,1.8499999999999999,25.548501987424999,2.082827545962658e-53,305.01070738645848
0.98750000000000004,1.8875,0.48707297423428031,2.7202760861304054e-64,355.13356541283991
0.98750000000000004,1.925,-27.073814399352869,2.9179085794752927e-76,410.25534016001421
0.98750000000000004,1.9624999999999999,-57.150128863526703,2.5298470958771585e-89,470.40796908836188
0.98750000000000004,2,-89.850203393308846,1.5908614096986307e-103,535.80811814792617
1.0249999999999999,0.5,-1336.7457209591398,0,3029.5991532795883
1.0249999999999999,0.53749999999999998,-1186.329019198567,0,2728.7657497584423
1.0249999999999999,0.57499999999999996,-1049.6445992239019,0,2455.396909809112
1.0249999999999999,0.61250000000000004,-925.15124305573102,0,2206.4101974727705
1.0249999999999999,0.65000000000000002,-811.65018746308488,0,1979.4080862874782
1.0249999999999999,0.6875,-707.94163681631892,0,1771.9909849939463
1.0249999999999999,0.72499999999999998,-613.04928197920492,0,1582.2062753197183
1.0249999999999999,0.76249999999999996,-526.14658363346882,5.2543855215633681e-293,1408.4008786282461
1.0249999999999999,0.80000000000000004,-446.53491169823906,1.9743845820759863e-258,1249.1775347577866
1.0249999999999999,0.83749999999999991,-373.56849956964481,9.6458810647260148e-227,1103.2447105005981
1.0249999999999999,0.875,-306.77156921124458,9.8600737976378601e-198,969.65084978379764
1.0249999999999999,0.91249999999999998,-245.66858331566448,3.3928899059690574e-171,847.44487799263743
1.0249999999999999,0.94999999999999996,-189.93768890823981,5.4223766380291537e-147,735.98308917778809
1.0249999999999999,0.98750000000000004,-139.29140058916232,5.3652903110530328e-125,634.69051253963312
1.0249999999999999,1.0249999999999999,-93.455834760289349,4.3224157858453383e-105,543.01938088188717
1.0249999999999999,1.0625,-52.212862858216027,3.5263194695350371e-87,460.53343707774053
1.0249999999999999,1.1000000000000001,-15.37238826535409,3.5231933807394401e-71,386.85248789201665
1.0249999999999999,1.1375,17.205002598065221,4.9558433260520483e-57,321.69770616517803
1.0249999999999999,1.1749999999999998,45.691811661877921,1.1662228640037468e-44,264.72408803755263
1.0249999999999999,1.2124999999999999,70.20945152563543,5.1839076216348123e-34,215.68880831003762
1.0249999999999999,1.25,90.87769298995174,4.906371989593312e-25,174.352325381405
1.0249999999999999,1.2875000000000001,107.83753603279131,1.1384834448798574e-17,140.43263929572586
1.0249999999999999,1.325,121.23178046767197,7.4709041937383393e-12,113.64415042596455
1.0249999999999999,1.3624999999999998,131.18367006879339,1.568281088221125e-07,93.740371223721667
1.0249999999999999,1.3999999999999999,137.80131326011912,0.00011733560759345577,80.505084841070229
1.0249999999999999,1.4375,141.23398254952431,0.0036326132035469781,73.639746262259834
1.0249999999999999,1.4750000000000001,141.56683785205215,0.0050672972191655027,72.974035657204169
1.0249999999999999,1.5125,138.96976946871001,0.00037747127694516937,78.16817242388845
1.0249999999999999,1.55,133.52263014908158,1.6263775156167849e-06,89.062451063145318
1.0249999999999999,1.5874999999999999,125.33567557056396,4.5255583059077557e-10,105.43636022018055
1.0249999999999999,1.625,114.51400435565579,9.0339996828305447e-15,127.0797026499969
1.0249999999999999,1.6624999999999999,101.16536122384345,1.4409138570940542e-20,153.77698891362158
1.0249999999999999,1.7,85.316900672341177,1.886857288476139e-27,185.47391001662612
1.0249999999999999,1.7375,67.086032086600625,2.2812528620605121e-35,221.93564718810723
1.0249999999999999,1.7749999999999999,46.471773485995584,2.5439857124610047e-44,263.16416438931731
1.0249999999999999,1.8125,23.549642573690733,2.8220174781001178e-54,309.00842621392701
1.0249999999999999,1.8499999999999999,-1.7220206854015601,2.9868663990628267e-65,359.55175273211159
1.0249999999999999,1.8875,-29.372478317910179,2.9293726696656178e-77,414.85266799712883
1.0249999999999999,1.925,-59.393591916853666,2.6839266876983667e-90,474.89489519501581
1.0249999999999999,1.9624999999999999,-91.869880698163115,2.1110457161188556e-104,539.8474727576347
1.0249999999999999,2,-126.91775619765167,1.2688161751446735e-119,609.94322375661181
1.0625,0.5,-1233.0700106918639,0,2822.247732745036
1.0625,0.53749999999999998,-1087.0171815714634,0,2530.1420745042356
1.0625,0.57499999999999996,-954.68602505796582,0,2265.4797614772401
1.0625,0.61250000000000004,-834.64271694690706,0,2025.3931452551226
1.0625,0.65000000000000002,-725.53932287480757,0,1807.1863571109236
1.0625,0.6875,-626.25074971124582,0,1608.6092107838001
1.0625,0.72499999999999998,-535.7710272805474,3.4727951562752449e-297,1427.6497659224033
1.0625,0.76249999999999996,-453.26962754049237,2.3473714788577569e-261,1262.6469664422932
1.0625,0.80000000000000004,-378.02216920668752,1.1223744069974078e-228,1112.1520497746835
1.0625,0.83749999999999991,-309.41235895199731,7.0307192026421505e-199,974.93242926530309
1.0625,0.875,-246.90057199169303,9.8974629323701235e-172,849.90885534469453
1.0625,0.91249999999999998,-190.10908872954252,4.568269153511641e-147,736.32588882039352
1.0625,0.94999999999999996,-138.62193266622177,1.0479473190962282e-124,633.35157669375201
1.0625,0.98750000000000004,-92.151973314767304,1.5921587633479234e-104,540.41165799084308
1.0625,1.0249999999999999,-50.473649411745697,2.0074856875014264e-86,457.05501018479987
1.0625,1.0625,-13.319922247237542,2.7435390578037917e-70,382.74755585578356
1.0625,1.1000000000000001,19.493024817934668,4.884194977617672e-56,317.12166172543914
1.0625,1.1375,48.083016883960511,1.2742914953831853e-43,259.94167759338745
1.0625,1.1749999999999998,72.642955258425559,5.9090068923978286e-33,210.82180084445736
1.0625,1.2124999999999999,93.279875865597703,5.4201990995561482e-24,169.54795963011307
1.0625,1.25,110.16800597478544,1.1706766491512258e-16,135.77169941173759
1.0625,1.2875000000000001,123.41108602052853,6.6044026513039785e-11,109.28553932025143
1.0625,1.325,133.14426492129252,1.1140365278893315e-06,89.819181518723425
1.0625,1.3624999999999998,139.5089046273059,0.00064718334845939671,77.089902106696698
1.0625,1.3999999999999999,142.61643316098099,0.014474708593124811,70.874845039346496
1.0625,1.4375,142.61586580288716,0.014466498579277771,70.875979755534161
1.0625,1.4750000000000001,139.58053106954682,0.00069523928346748966,76.946649222214845
1.0625,1.5125,133.69947523550843,1.9409940621860309e-06,88.708760890291586
1.0625,1.55,125.02685147688602,3.3231623956933891e-10,106.05400840753643
1.0625,1.5874999999999999,113.70476585554738,4.0219091467212977e-15,128.69817965021372
1.0625,1.625,99.831583018795698,3.7965183506436053e-21,156.44454532371708
1.0625,1.6624999999999999,83.484459174084535,3.0193942429874822e-28,189.13879301313941
1.0625,1.7,64.72832466718863,2.1589078450499457e-36,226.65106202693121
1.0625,1.7375,43.660484899766885,1.5296340687647433e-45,268.7867415617747
1.0625,1.7749999999999999,20.294621208298565,1.0887342408323613e-55,315.51846894471134
1.0625,1.8125,-5.3436948428377491,7.986246217604425e-67,366.79510104698397
1.0625,1.8499999999999999,-33.230369531025389,6.1846305266650002e-79,422.56845042335925
1.0625,1.8875,-63.433672551908273,4.7226517585965177e-92,482.97505646512502
1.0625,1.925,-95.913094389936873,3.7029874729870221e-106,547.93390014118222
1.0625,1.9624999999999999,-130.81075558632568,2.5863694032817878e-121,617.72922253395984
1.0625,2,-168.18158925047385,1.5231536287294557e-137,692.47088986225617
1.1000000000000001,0.5,-1135.9566742110815,0,2628.0210597834716
1.1000000000000001,0.53749999999999998,-994.10199295415043,0,2344.3116972696093
1.1000000000000001,0.57499999999999996,-866.04893207205521,0,2088.2055755054189
1.1000000000000001,0.61250000000000004,-750.2817580009081,0,1856.6712273631247
1.1000000000000001,0.65000000000000002,-645.45680415498566,0,1647.0213196712798
1.1000000000000001,0.6875,-550.47571353474723,1.4272993525092228e-303,1457.0591384308029
1.1000000000000001,0.72499999999999998,-464.2800617376829,3.8798149154385305e-266,1284.6678348366743
1.1000000000000001,0.76249999999999996,-386.03532401757025,3.7159412417880769e-232,1128.178359396449
1.1000000000000001,0.80000000000000004,-315.05306137353841,2.4961680346664433e-201,986.2138341083853
1.1000000000000001,0.83749999999999991,-250.66467083684699,2.2950731179551146e-173,857.43705303500246
1.1000000000000001,0.875,-192.35888762179752,4.8158886788313248e-148,740.82548660490352
1.1000000000000001,0.91249999999999998,-139.72712632447843,3.4702434546347978e-125,635.56196401026534
1.1000000000000001,0.94999999999999996,-92.378940148070285,1.2688664906298926e-104,540.86559165744904
1.1000000000000001,0.98750000000000004,-50.012226269037598,3.1845346767779567e-86,456.13216389938367
1.1000000000000001,1.0249999999999999,-12.3717802306995,7.0808271532822043e-70,380.85127182270747
1.1000000000000001,1.0625,20.772919303857265,1.7564836248654135e-55,314.56187275359395
1.1000000000000001,1.1000000000000001,49.59734315438061,5.7933841614413869e-43,256.91302505254725
1.1000000000000001,1.1375,74.305509121038554,3.1156772626719556e-32,207.49669311923137
1.1000000000000001,1.1749999999999998,94.994353546063095,3.0102560346345877e-23,166.11900426918228
1.1000000000000001,1.2124999999999999,111.84745730445709,6.277885650407813e-16,132.41279675239429
1.1000000000000001,1.25,125.00189030886381,3.2412390850799898e-10,106.10393074358088
1.1000000000000001,1.2875000000000001,134.56473701945083,4.6110796591623836e-06,86.978237322406827
1.1000000000000001,1.325,140.70314646105959,0.0021363872288863031,74.701418439189325
1.1000000000000001,1.3624999999999998,143.51408115094017,0.035518400334422245,69.079549059428132
1.1000000000000001,1.3999999999999999,143.16628756079774,0.025084679751912947,69.775136239713021
1.1000000000000001,1.4375,139.7474361546308,0.00082152401006460639,76.612839052046837
1.1000000000000001,1.4750000000000001,133.40297546722482,1.4429656526146837e-06,89.30176042685882
1.1000000000000001,1.5125,124.24936817510311,1.5271962784803437e-10,107.60897501110225
1.1000000000000001,1.55,112.40048340174197,1.0914141582130436e-15,131.30674455782454
1.1000000000000001,1.5874999999999999,97.966841973841397,5.8821860572852515e-22,160.17402741362568
1.1000000000000001,1.625,81.076466198277174,2.7173261036322617e-29,193.95477896475413
1.1000000000000001,1.6624999999999999,61.767027913265693,1.1172729002526276e-37,232.57365553477709
1.1000000000000001,1.7,40.112927448096855,4.404563974976208e-47,275.88185646511477
1.1000000000000001,1.7375,16.226223464957371,1.8622551828375128e-57,323.65526443139373
1.1000000000000001,1.7749999999999999,-9.8709893997896927,8.6330379775448777e-69,375.84969016088786
1.1000000000000001,1.8125,-38.198637381583183,4.3015249634524848e-81,432.50498612447484
1.1000000000000001,1.8499999999999999,-68.708320225799412,2.417884458644627e-94,493.5243518129073
1.1000000000000001,1.8875,-101.42274818383333,1.4987872949416663e-108,558.95320772897514
1.1000000000000001,1.925,-136.37867866906379,9.8757999367092906e-124,628.86506869943605
1.1000000000000001,1.9624999999999999,-173.6696865517747,6.2993151362038566e-140,703.44708446485788
1.1000000000000001,2,-213.40454436278765,3.4887017961579289e-157,782.91680008688377
1.1375,0.5,-1045.1223727105771,0,2446.3524567824625
1.1375,0.53749999999999998,-907.36015811592245,0,2170.8280275931534
1.1375,0.57499999999999996,-783.43587294457438,0,1922.9794572504572
1.1375,0.61250000000000004,-671.80085256552286,0,1699.7094164923542
1.1375,0.65000000000000002,-571.17871906098708,1.4565118083216122e-312,1498.4651494832826
1.1375,0.6875,-480.33691110176449,4.1248668363452771e-273,1316.7815335648374
1.1375,0.72499999999999998,-398.32919117096003,1.7018064766428754e-237,1152.7660937032285
1.1375,0.76249999999999996,-324.2516412553353,2.5256974944361122e-205,1004.6109938719791
1.1375,0.80000000000000004,-257.41107385976221,2.696937739367236e-176,870.9298590808329
1.1375,0.83749999999999991,-197.12639956026283,4.0942307163478124e-150,750.36051048183413
1.1375,0.875,-142.91674337678592,1.4293114031272795e-126,641.94119811488031
1.1375,0.91249999999999998,-94.356165865465869,1.7567813396038192e-105,544.82004309224021
1.1375,0.94999999999999996,-51.041792943458631,1.1373938008414169e-86,458.19129724822574
1.1375,0.98750000000000004,-12.67526450677795,5.2273604382881902e-70,381.45824037486437
1.1375,1.0249999999999999,20.993843760544422,2.1907376788637017e-55,314.12002384021963
1.1375,1.0625,50.22780599381278,1.0882755194025334e-42,255.65209937368292
1.1375,1.1000000000000001,75.192939276945367,7.5676055098370436e-32,205.72183280741774
1.1375,1.1375,96.037840174004117,8.5464138688967889e-23,164.03203101330024
1.1375,1.1749999999999998,112.96427630922751,1.9179696560117571e-15,130.17915874285345
1.1375,1.2124999999999999,126.07697598543461,9.4976211969741813e-10,103.95375939043925
1.1375,1.25,135.56220573306433,1.2502526483763813e-05,84.983299895179783
1.1375,1.2875000000000001,141.52646480774862,0.0048667897863355807,73.054781745811212
1.1375,1.325,144.1091036039071,0.06439740481835908,67.889504153494272
1.1375,1.3624999999999998,143.42830865872008,0.032598894907649785,69.251094043868321
1.1375,1.3999999999999999,139.63614980966884,0.00073500317519053842,76.835411741970816
1.1375,1.4375,132.88247899261199,8.5744692417268451e-07,90.342753376084488
1.1375,1.4750000000000001,123.2470679507704,5.6053327716562012e-11,109.61357545976769
1.1375,1.5125,110.87252932887415,2.3681410217120519e-16,134.36265270356017
1.1375,1.55,95.884554566534064,7.3318374291990191e-23,164.33860222824035
1.1375,1.5874999999999999,78.371304785167439,1.8167914878343405e-30,199.3651017909736
1.1375,1.625,58.457363649667684,4.0812231207735178e-39,239.19298406197311
1.1375,1.6624999999999999,36.202494794636436,8.8231487099380736e-49,283.7027217720356
1.1375,1.7,11.701692427207377,2.0186467585662824e-59,332.70432650689372
1.1375,1.7375,-14.981907122055105,5.2061932789787034e-71,386.07152560541869
1.1375,1.7749999999999999,-43.827849656309667,1.5448510744371589e-83,443.76341067392781
1.1375,1.8125,-74.811378324129294,5.4064362817842929e-97,505.73046800956706
1.1375,1.8499999999999999,-107.89608599208856,2.3142225088238547e-111,571.89988334548559
1.1375,1.8875,-143.14991586647153,1.1320388537987609e-126,642.40754309425154
1.1375,1.925,-180.57905559683098,6.289157713203397e-143,717.26582255497044
1.1375,1.9624999999999999,-220.25348609761727,3.7000385295489286e-160,796.61468355654301
1.1375,2,-262.29796501190577,2.0347968636133959e-178,880.70364138512002
1.1749999999999998,0.5,-960.19931934209455,0,2276.5063500454976
1.1749999999999998,0.53749999999999998,-826.43363404455624,0,2008.974979450421
1.1749999999999998,0.57499999999999996,-706.55461974085154,0,1769.2169508430115
1.1749999999999998,0.61250000000000004,-598.99088580378714,0,1554.0894829688827
1.1749999999999998,0.65000000000000002,-502.41534678531002,1.0638175392730102e-282,1360.9384049319285
1.1749999999999998,0.6875,-415.64258305258329,5.1499097101660605e-245,1187.3928774664751
1.1749999999999998,0.72499999999999998,-337.67013468497612,3.7566754908671409e-211,1031.4479807312607
1.1749999999999998,0.76249999999999996,-267.65931056834415,9.5525268883835055e-181,891.42633249799678
1.1749999999999998,0.80000000000000004,-204.84564211112809,1.8186447275780508e-153,765.79899558356465
1.1749999999999998,0.83749999999999991,-148.57592339898326,4.9816843104578421e-129,653.259558159275
1.1749999999999998,0.875,-98.374299000774386,3.159836864620251e-107,552.85630936285725
1.1749999999999998,0.91249999999999998,-53.767450518695171,7.4502837308071915e-88,463.64261239869882
1.1749999999999998,0.94999999999999996,-14.407605659437507,9.2456243346191583e-71,384.92292268018349
1.1749999999999998,0.98750000000000004,20.055221704551684,8.5694312379675172e-56,315.99726795220511
1.1749999999999998,1.0249999999999999,49.860945663251982,7.5407308991863925e-43,256.38582003480451
1.1749999999999998,1.0625,75.227249604496137,7.8317582035371848e-32,205.6532121523162
1.1749999999999998,1.1000000000000001,96.393040920100972,1.2191177208914639e-22,163.32162952110653
1.1749999999999998,1.1375,113.48483937144657,3.2278949868210136e-15,129.13803261841534
1.1749999999999998,1.1749999999999998,126.68304007861988,1.7411056929421297e-09,102.74163120406871
1.1749999999999998,1.2124999999999999,136.15706899784342,2.2664368175976362e-05,83.79357336562164
1.1749999999999998,1.25,142.02173120328345,0.0079860872489807035,72.064248954741558
1.1749999999999998,1.2875000000000001,144.42479868052408,0.088302499230340739,67.258114000260306
1.1749999999999998,1.325,143.51426708246598,0.035525004938773669,69.079177196376506
1.1749999999999998,1.3624999999999998,139.40963463273914,0.00058602335413813968,77.288442095830163
1.1749999999999998,1.3999999999999999,132.25496430266583,4.5780557770954022e-07,91.597782755976837
1.1749999999999998,1.4375,122.17927348635818,1.9269220956972373e-11,111.74916438859211
1.1749999999999998,1.4750000000000001,109.29605318099287,4.8949996938994868e-17,137.51560499932273
1.1749999999999998,1.5125,93.724725335829717,8.4568944441417797e-24,168.65826068964904
1.1749999999999998,1.55,75.629693899569091,1.1712203435893707e-31,204.84832356217029
1.1749999999999998,1.5874999999999999,55.072511053447116,1.3828259909397845e-40,245.96268925441424
1.1749999999999998,1.625,32.182565517885479,1.5841288252311664e-50,291.74258032553752
1.1749999999999998,1.6624999999999999,7.0198843563100297,1.8697214835658437e-61,342.06794264868842
1.1749999999999998,1.7,-20.314031816286501,2.516563861029414e-73,396.73577499388148
1.1749999999999998,1.7375,-49.783559558524445,4.0027150386170581e-86,455.67483047835736
1.1749999999999998,1.7749999999999999,-81.348210578822716,7.8343128718887126e-100,518.80413251895391
1.1749999999999998,1.8125,-114.95741190543356,1.9847702164133429e-114,586.02253517217559
1.1749999999999998,1.8499999999999999,-150.59424210459554,6.6195966307917534e-130,657.29619557049955
1.1749999999999998,1.8875,-188.36326894586898,2.6178911336014764e-146,732.83424925304644
1.1749999999999998,1.925,-228.2394769536308,1.2587355130107078e-163,812.58666526857007
1.1749999999999998,1.9624999999999999,-270.29039226299341,6.8778707049283831e-182,896.68849588729529
1.1749999999999998,2,-314.64278223093754,3.7623204666184756e-201,985.39327582318356
1.2124999999999999,0.5,-880.90299420574922,0,2117.9136997728069
1.2124999999999999,0.53749999999999998,-751.07936814982531,0,1858.2664476609591
1.2124999999999999,0.57499999999999996,-635.11793203071227,0,1626.343575422733
1.2124999999999999,0.61250000000000004,-531.52439347952463,2.4264357360013515e-295,1419.1564983203577
1.2124999999999999,0.65000000000000002,-438.91468737683181,4.0258086124942427e-255,1233.9370861149721
1.2124999999999999,0.6875,-356.11197695637884,3.6780137362248786e-219,1068.3316652740662
1.2124999999999999,0.72499999999999998,-282.09151378764392,5.1557523566842063e-187,920.29073893659631
1.2124999999999999,0.76249999999999996,-216.02105695270933,2.5487478310169224e-158,788.14982526672713
1.2124999999999999,0.80000000000000004,-157.1392009025829,9.5146328844574403e-133,670.38611316647427
1.2124999999999999,0.83749999999999991,-104.80978708225337,5.0671959556004491e-110,565.7272855258152
1.2124999999999999,0.875,-58.503958484200098,6.5333141204823208e-90,473.11562832970867
1.2124999999999999,0.91249999999999998,-17.788860469978545,3.1439522196849855e-72,391.68543230126556
1.2124999999999999,0.94999999999999996,17.722287779862256,8.3132658334691158e-57,320.66313580158396
1.2124999999999999,0.98750000000000004,48.352657403693172,1.6686765946841502e-43,259.40239655392213
1.2124999999999999,1.0249999999999999,74.361585214904053,3.2953838052243796e-32,207.38454093150037
1.2124999999999999,1.0625,95.983332965761605,8.0930409965599207e-23,164.14104542978527
1.2124999999999999,1.1000000000000001,113.41459206006454,3.008925103566599e-15,129.2785272411794
1.2124999999999999,1.1375,126.8291355187889,2.014993172978357e-09,102.44944032373067
1.2124999999999999,1.1749999999999998,136.39933512075581,2.8877424488234624e-05,83.309041119796873
1.2124999999999999,1.2124999999999999,142.26808109259335,0.010216977762966059,71.571549176121778
1.2124999999999999,1.25,144.59587934997765,0.10477855053979714,66.915952661353188
1.2124999999999999,1.2875000000000001,143.48234551663359,0.034408899839177914,69.143020328041302
1.2124999999999999,1.325,139.1337497719953,0.00044473330216188113,77.840211817317879
1.2124999999999999,1.3624999999999998,131.63793626565808,2.4700696982924309e-07,92.831838829992293
1.2124999999999999,1.3999999999999999,121.16620517606884,6.9967149325718776e-12,113.7753010091708
1.2124999999999999,1.4375,107.81543746334307,1.1136005403203589e-17,140.47683643462233
1.2124999999999999,1.4750000000000001,91.722263006817442,1.1417014962352696e-24,172.66318534767359
1.2124999999999999,1.5125,73.039113208134481,8.7813989484875708e-33,210.02948494503951
1.2124999999999999,1.55,51.858380887590911,5.5576160309304251e-42,252.39094958612665
1.2124999999999999,1.5874999999999999,28.286298600103521,3.2185723360882569e-52,299.53511416110143
1.2124999999999999,1.625,2.4524358071226402,1.9415975572256208e-63,351.20283974706319
1.2124999999999999,1.6624999999999999,-25.583167150019989,1.2955421757809064e-75,407.27404566134845
1.2124999999999999,1.7,-55.735491398033474,1.0410306551606476e-88,467.57869415737542
1.2124999999999999,1.7375,-87.94441422049988,1.0698085598627379e-102,531.99653980230823
1.2124999999999999,1.7749999999999999,-122.16456889796132,1.4712338962376027e-117,600.43684915723111
1.2124999999999999,1.8125,-158.38480549126831,2.7379961712684407e-133,672.87732234384509
1.2124999999999999,1.8499999999999999,-196.59990016381988,6.9315138411671109e-150,749.30751168894824
1.2124999999999999,1.8875,-236.82433461254078,2.3527629690186584e-167,829.75638058639004
1.2124999999999999,1.925,-279.11827280224139,1.0082174324813908e-185,914.34425696579126
1.2124999999999999,1.9624999999999999,-323.54093509797451,5.1408756113546348e-205,1003.1895815572575
1.2124999999999999,2,-370.20246319945352,2.7937846326138109e-225,1096.5126377602155
1.25,0.5,-806.98292621148858,0,1970.0735637842856
1.25,0.53749999999999998,-680.98002487240331,0,1718.0677611061151
1.25,0.57499999999999996,-568.92140363475903,1.3920461818061355e-311,1493.9505186308265
1.25,0.61250000000000004,-469.2066487440427,2.8133350494091534e-268,1294.5210088493939
1.25,0.65000000000000002,-380.44712416704783,9.9310049180214323e-230,1117.0019596954041
1.25,0.6875,-301.52557744573375,1.8714810816642038e-195,959.15886625277597
1.25,0.72499999999999998,-231.37993155254077,5.4456833176785371e-165,818.86757446639001
1.25,0.76249999999999996,-169.16735452972102,5.6837018523489953e-138,694.44242042075052
1.25,0.80000000000000004,-114.13131098693339,4.5339977958418085e-114,584.37033333517525
1.25,0.83749999999999991,-65.600724255568366,5.4081325284210075e-93,487.30915987244521
1.25,0.875,-23.112558818985377,1.5325798841092747e-74,402.33282899927923
1.25,0.91249999999999998,13.816324746249421,1.6727593888054381e-58,328.47506186880963
1.25,0.94999999999999996,45.56504794342635,1.0273744670343115e-44,264.97761547445577
1.25,0.98750000000000004,72.453623990613238,4.8897760797407864e-33,211.200463380082
1.25,1.0249999999999999,94.743893662706824,2.3433118590616361e-23,166.61992403589483
1.25,1.0625,112.69704129027441,1.4681926238523145e-15,130.71362878075965
1.25,1.1000000000000001,126.47242630060526,1.410446878254665e-09,103.16285876009796
1.25,1.1375,136.27297679243327,2.5449645202967804e-05,83.561757776441922
1.25,1.1749999999999998,142.2599664958814,0.010134406577824407,71.587778369545674
1.25,1.2124999999999999,144.60101736846451,0.10531829007796767,66.905676624379481
1.25,1.25,143.43999791590065,0.03298218761315664,69.227715529507194
1.25,1.2875000000000001,138.91545106438792,0.00035751455475607047,78.276809232532599
1.25,1.325,131.1687080614023,1.5449911217887366e-07,93.770295238503863
1.25,1.3624999999999998,120.36161356735714,3.1294245407176789e-12,115.3844842265942
1.25,1.3999999999999999,106.60072527116841,3.3051154235719114e-18,142.90626081897165
1.25,1.4375,90.021498207882544,2.0841059957692544e-25,176.06471494554339
1.25,1.4750000000000001,70.788737203710156,9.2520469327027844e-34,214.53023695388816
1.25,1.5125,48.990191885512871,3.156820454640713e-43,258.12732759028273
1.25,1.55,24.774633015088966,9.6065243586117405e-54,306.55844533113054
1.25,1.5874999999999999,-1.7759973160580955,2.8299192568858854e-65,359.65970599342467
1.25,1.625,-30.500747155782506,9.4792438394125117e-78,417.10920567287349
1.25,1.6624999999999999,-61.40774153488664,3.5812660356132564e-91,478.92319443108175
1.25,1.7,-94.331120648936633,1.8013359192677958e-105,544.76995265918174
1.25,1.7375,-129.25378253083807,1.2270870149021159e-120,614.61527642298461
1.25,1.7749999999999999,-166.11526820574778,1.2026397025420796e-136,688.33824777280404
1.25,1.8125,-204.9290292547073,1.67314388909681e-153,765.96576987072308
1.25,1.8499999999999999,-245.69050331306403,3.3193269632846012e-171,847.48871798743653
1.25,1.8875,-288.35557965194607,9.8139266976668222e-190,932.81887066520062
1.25,1.925,-333.04764505694646,3.8223057131704616e-209,1022.2030014752014
1.25,1.9624999999999999,-379.79047280522207,1.9150197616366298e-229,1115.6886569717526
1.25,2,-428.76641008475269,1.0284755067753223e-250,1213.6405315308139
1.2875000000000001,0.5,-738.10648206392148,0,1832.3206754891514
1.2875000000000001,0.53749999999999998,-615.90131348823286,0,1587.9103383377742
1.2875000000000001,0.57499999999999996,-507.62693616476213,5.8009969464387705e-285,1371.3615836908327
1.2875000000000001,0.61250000000000004,-411.70149662703636,2.6508899719115387e-243,1179.5107046153812
1.2875000000000001,0.65000000000000002,-326.74569362313434,2.08558623833776e-206,1009.5990986075772
1.2875000000000001,0.6875,-251.63466657067056,8.7002700190463989e-174,859.3770445026496
1.2875000000000001,0.72499999999999998,-185.25944588346715,5.8334410174601309e-145,726.62660312824278
1.2875000000000001,0.76249999999999996,-126.82363335884145,1.3940416068777446e-119,609.75497807899137
1.2875000000000001,0.80000000000000004,-75.508322278520808,2.6929740924673585e-97,507.12435591835009
1.2875000000000001,0.83749999999999991,-30.756341461391116,7.3412581917191258e-78,417.62039428409071
1.2875000000000001,0.875,8.0039753259749489,5.0022131783471346e-61,340.09976070935858
1.2875000000000001,0.91249999999999998,41.243897227761181,1.3648246475409044e-46,273.61991690578611
1.2875000000000001,0.94999999999999996,69.321574326344177,2.1333253077521319e-34,217.46456270862012
1.2875000000000001,0.98750000000000004,92.546217904221209,2.6025053771058616e-24,171.01527555286606
1.2875000000000001,1.0249999999999999,111.20632869284832,3.3065476277575411e-16,133.69505397561184
1.2875000000000001,1.0625,125.52698047721792,5.4796753621189673e-10,105.05375040687264
1.2875000000000001,1.1000000000000001,135.72875655662983,1.4768278946394661e-05,84.650198248048838
1.2875000000000001,1.1375,142.00463232727378,0.0078506949600106943,72.098446706760924
1.2875000000000001,1.1749999999999998,144.48491468925016,0.093773698770423838,67.137881982808139
1.2875000000000001,1.2124999999999999,143.35615395921181,0.030329586545804289,69.395403442884842
1.2875000000000001,1.25,138.77684208573439,0.00031124086416137956,78.554027189839687
1.2875000000000001,1.2875000000000001,130.86884173079432,1.1447105763532531e-07,94.370027899719815
1.2875000000000001,1.325,119.79575788410845,1.7771188895808683e-12,116.51619559309157
1.2875000000000001,1.3624999999999998,105.69908715184268,1.3415602164697557e-18,144.70953705762312
1.2875000000000001,1.3999999999999999,88.708392946111076,5.6059011265672148e-26,178.69092546908632
1.2875000000000001,1.4375,68.976344326178136,1.5105169444137017e-34,218.1550227089522
1.2875000000000001,1.4750000000000001,46.612598409567312,2.9286950630900443e-44,262.88251454217385
1.2875000000000001,1.5125,21.769282513673204,4.7572847742129261e-55,312.56914633396207
1.2875000000000001,1.55,-5.4219467184248344,7.3851332838394771e-67,366.95160479815814
1.2875000000000001,1.5874999999999999,-34.906245177063653,1.1574179524153945e-79,425.92020171543578
1.2875000000000001,1.625,-66.535823007999085,2.1229467330772682e-93,489.17935737730664
1.2875000000000001,1.6624999999999999,-100.22347531383178,4.9725320694300622e-108,556.55466198897204
1.2875000000000001,1.7,-135.9185666162868,1.5645750812359006e-123,627.94484459388207
1.2875000000000001,1.7375,-173.53057755537236,7.239483871224368e-140,703.1688664720532
1.2875000000000001,1.7749999999999999,-213.02820109084541,5.0828542334046489e-157,782.1641135429993
1.2875000000000001,1.8125,-254.39447133096343,5.5076299502120149e-175,864.89665402323533
1.2875000000000001,1.8499999999999999,-297.63350239200207,9.1725937723503365e-194,951.37471614531262
1.2875000000000001,1.8875,-342.74506503046064,2.3484938994121106e-213,1041.5978414222297
1.2875000000000001,1.925,-389.78401802570886,8.7504767662389487e-234,1135.6757474127262
1.2875000000000001,1.9624999999999999,-438.86521976398433,4.2299636559817528e-255,1233.8381508892771
1.2875000000000001,2,-490.07086506020255,2.4434724203164392e-277,1336.2494414817136
1.325,0.5,-674.04182672509512,0,1704.1913648114987
1.325,0.53749999999999998,-555.56590302871473,8.7876724289977406e-306,1467.2395174187379
1.325,0.57499999999999996,-451.01449505236849,2.2385841220422022e-260,1258.1367014660455
1.325,0.61250000000000004,-358.81764774296391,2.4578504503413031e-220,1073.7430068472363
1.325,0.65000000000000002,-277.60032296263529,4.6003560046732254e-185,911.30835728657905
1.325,0.6875,-206.16657341171077,4.8537197071906004e-154,768.44085818473002
1.325,0.72499999999999998,-143.50881737371867,7.9066477114146466e-127,643.12534610874582
1.325,0.76249999999999996,-88.749850445522952,4.7808989057591481e-103,533.60741225235438
1.325,0.80000000000000004,-41.132032968971856,2.289100871876213e-82,438.37177729925219
1.325,0.83749999999999991,-0.046479620787891918,1.595489813805909e-64,356.20067060288426
1.325,0.875,35.096070186071245,2.9181626662156585e-49,285.91557098916599
1.325,0.91249999999999998,64.699213791773275,2.09696611106923e-36,226.70928377776193
1.325,0.94999999999999996,89.168686326461099,8.8827677843265815e-26,177.77033870838628
1.325,0.98750000000000004,108.81040981589084,3.011899215375592e-17,138.4868917295268
1.325,1.0249999999999999,123.90804445238469,1.0855750362030322e-10,108.2916224565391
1.325,1.0625,134.70395684423784,5.299867677620091e-06,86.69979767283283
1.325,1.1000000000000001,141.42256648588625,0.0043865200631933226,73.262578389536003
1.325,1.1375,144.21168649702264,0.07135420147137278,67.684338367263194
1.325,1.1749999999999998,143.24831013000451,0.027228925902751673,69.611091101299436
1.325,1.2124999999999999,138.7343739747603,0.000298299789030799,78.638963411787884
1.325,1.25,130.78762365516715,1.0554146867251753e-07,94.53246405097417
1.325,1.2875000000000001,119.56554413908054,1.4116789018192017e-12,116.97662308314739
1.325,1.325,105.22430848729807,8.344809307485021e-19,145.65909438671233
1.325,1.3624999999999998,87.889619093594305,2.4720455430682114e-26,180.32847317411986
1.325,1.3999999999999999,67.733087128290833,4.356982953291105e-35,220.64153710472681
1.325,1.4375,44.865641960070775,5.1048220670176794e-45,266.37642744116692
1.325,1.4750000000000001,19.43304877463035,4.599871801439588e-56,317.24161381204777
1.325,1.5125,-8.4191921161238952,3.6869835551934625e-68,372.94609559355627
1.325,1.55,-38.590999436831112,2.905505969969198e-81,433.2897102349707
1.325,1.5874999999999999,-70.969818680443581,2.5192962724215876e-95,498.04734872219564
1.325,1.625,-105.43894407281783,2.7010230484720506e-110,566.98559950694414
1.325,1.6624999999999999,-141.91126242105287,3.9066246791080426e-126,639.93023620341421
1.325,1.7,-180.29871277825885,8.3242252747595769e-143,716.70513691782617
1.325,1.7375,-220.55051044113367,2.7492245482823239e-160,797.20873224357581
1.325,1.7749999999999999,-262.65339502789857,1.4261321315907609e-178,881.41450141710561
1.325,1.8125,-306.5376042868599,1.245919092569484e-197,969.18291993502828
1.325,1.8499999999999999,-352.24960359781471,1.7499304310346249e-217,1060.6069185569379
1.325,1.8875,-399.75581508909727,4.0863473192353428e-238,1155.619341539503
1.325,1.925,-449.18029308705661,1.4013841824936178e-259,1254.4682975354217
1.325,1.9624999999999999,-500.52341938579139,7.0553859527957571e-282,1357.1545501328912
1.325,2,-553.94714798706252,4.4349654599878785e-305,1464.0020073354335
1.3624999999999998,0.5,-614.50216007263225,0,1585.112031506573
1.3624999999999998,0.53749999999999998,-499.70868390947089,1.593514052402694e-281,1355.5250791802503
1.3624999999999998,0.57499999999999996,-398.82645332960919,1.0350276709084622e-237,1153.7606180205269
1.3624999999999998,0.61250000000000004,-310.29980704356768,2.8945825791442066e-199,976.70732544844384
1.3624999999999998,0.65000000000000002,-232.73721486497107,1.4014955698392782e-165,821.58214109125061
1.3624999999999998,0.6875,-164.92844588146386,3.940632397004292e-136,685.96460312423619
1.3624999999999998,0.72499999999999998,-105.92043839719605,1.6688525320510281e-110,567.94858815570058
1.3624999999999998,0.76249999999999996,-54.774902994403789,2.7204563463527611e-88,465.65751735011605
1.3624999999999998,0.80000000000000004,-10.751360945777208,3.5795064306325215e-69,377.61043325286289
1.3624999999999998,0.83749999999999991,26.763921421479779,7.0226862512868896e-53,302.57986851834892
1.3624999999999998,0.875,58.338047879383026,3.6221977602496594e-39,239.43161560254242
1.3624999999999998,0.91249999999999998,84.385864748208945,7.4369573257134588e-28,187.33598186489058
1.3624999999999998,0.94999999999999996,105.34127241150566,9.380223874492932e-19,145.42516653829716
1.3624999999999998,0.98750000000000004,121.47535685371736,9.5314077186705892e-12,113.15699765387377
1.3624999999999998,1.0249999999999999,133.08314090029538,1.0479814756301211e-06,89.941429560717722
1.3624999999999998,1.0625,140.43631754154714,0.0016360540443632588,75.235076278214208
1.3624999999999998,1.1000000000000001,143.70637144703159,0.04304909366486831,68.694968467245317
1.3624999999999998,1.1375,143.0932691598523,0.023318310035410926,69.921173041603893
1.3624999999999998,1.1749999999999998,138.76252169530713,0.00030681553531434536,78.582667970694217
1.3624999999999998,1.2124999999999999,130.91252322284012,1.1958214144481557e-07,94.282664915628231
1.3624999999999998,1.25,119.65963861206544,1.5509601326112598e-12,116.78843413717762
1.3624999999999998,1.2875000000000001,105.18498829442494,8.023056932194739e-19,145.73773477245859
1.3624999999999998,1.325,87.619453365302476,1.8867961552285696e-26,180.86880463070352
1.3624999999999998,1.3624999999999998,67.1180625153563,2.3555051881062609e-35,221.87158633059587
1.3624999999999998,1.3999999999999999,43.818967400356485,1.7923202986126029e-45,268.46977656059551
1.3624999999999998,1.4375,17.89766669610492,9.9068996458889203e-57,320.31237796909863
1.3624999999999998,1.4750000000000001,-10.549740532191834,4.3791092492484791e-69,377.20719242569214
1.3624999999999998,1.5125,-41.381844313469998,1.7830899095394832e-82,438.87139998824847
1.3624999999999998,1.55,-74.503573928591379,7.3551043633006223e-97,505.11485921849123
1.3624999999999998,1.5874999999999999,-109.71427652614466,3.7564273797393079e-112,575.53626441359779
1.3624999999999998,1.625,-146.99632967520114,2.417603305001421e-128,650.10037071171075
1.3624999999999998,1.6624999999999999,-186.20502924027261,2.2660170694247189e-145,728.51776984185369
1.3624999999999998,1.7,-227.3002030972354,3.2200004920007592e-163,810.70811755577927
1.3624999999999998,1.7375,-270.17945148393301,7.6848425786161738e-182,896.46661432917449
1.3624999999999998,1.7749999999999999,-314.8276171994616,3.1273967333443148e-201,985.76294576023167
1.3624999999999998,1.8125,-361.21778393902719,2.2294079661978219e-221,1078.5432792393628
1.3624999999999998,1.8499999999999999,-409.3454688471013,2.7964146346051911e-242,1174.7986490555111
1.3624999999999998,1.8875,-459.25925848747363,5.8791989198697773e-264,1274.6262283362557
1.3624999999999998,1.925,-510.96052053927326,2.0689278134724674e-286,1378.028752439855
1.3624999999999998,1.9624999999999999,-564.5681382556287,1.0820635700864672e-309,1485.2439878725659
1.3624999999999998,2,-620.17301535634783,0,1596.4537420740041
1.3999999999999999,0.5,-559.24275018543506,2.2235117497295046e-307,1474.5932117321786
1.3999999999999999,0.53749999999999998,-448.08196366748211,4.2029634908424327e-259,1252.2716386962727
1.3999999999999999,0.57499999999999996,-350.83191667974518,7.2229463510167772e-217,1057.7715447207988
1.3999999999999999,0.61250000000000004,-265.8941520386868,5.5810623958877771e-180,887.89601543868207
1.3999999999999999,0.65000000000000002,-191.93937069090941,7.3260575782657363e-148,739.9864527431273
1.3999999999999999,0.6875,-127.71017905485002,5.7445211437149694e-120,611.52806947100851
1.3999999999999999,0.72499999999999998,-72.256352019725881,6.9589691953400865e-96,500.62041540076024
1.3999999999999999,0.76249999999999996,-24.664863699598868,3.2453809086297037e-75,405.43743876050621
1.3999999999999999,0.80000000000000004,15.83369311378317,1.257666306580694e-57,324.44032513374214
1.3999999999999999,0.83749999999999991,49.852842313417085,7.4798726296412013e-43,256.4020267344743
1.3999999999999999,0.875,77.926058198544411,1.163957038267613e-30,200.25559496421965
1.3999999999999999,0.91249999999999998,100.52185731353009,7.5712540782515271e-21,155.06399673424829
1.3999999999999999,0.94999999999999996,117.99550730832155,2.9368217782182888e-13,120.11669674466538
1.3999999999999999,0.98750000000000004,130.71171546015606,9.7826524180499545e-08,94.684280440996375
1.3999999999999999,1.0249999999999999,138.92619977658671,0.00036137810269667585,78.255311808135033
1.3999999999999999,1.0625,142.86982790954514,0.018649095384946027,70.368055542218201
1.3999999999999999,1.1000000000000001,142.7809155455102,0.017062537590514976,70.545880270288094
1.3999999999999999,1.1375,138.83162187339866,0.00032876620758662262,78.444467614511169
1.3999999999999999,1.1749999999999998,131.21207283388168,1.6134632188919419e-07,93.683565693545134
1.3999999999999999,1.2124999999999999,120.06924767783005,2.3361008714757407e-12,115.96921600564838
1.3999999999999999,1.25,105.58589987842046,1.1979910200383609e-18,144.93591160446755
1.3999999999999999,1.2875000000000001,87.915808583311488,2.5376423789230025e-26,180.2760941946855
1.3999999999999999,1.325,67.185502968432445,2.5198406736476464e-35,221.73670542444358
1.3999999999999999,1.3624999999999998,43.561232979602835,1.3851059236608293e-45,268.98524540210281
1.3999999999999999,1.3999999999999999,17.193189083921254,4.8976418596250622e-57,321.72133319346597
1.3999999999999999,1.4375,-11.804084920354967,1.2491970036286528e-69,379.71588120201841
1.3999999999999999,1.4750000000000001,-43.227653824018972,2.8154534892583703e-83,442.56301900934642
1.3999999999999999,1.5125,-77.016203206591968,5.9616683021855182e-98,510.14011777449241
1.3999999999999999,1.55,-112.97769053265296,1.4371175803439183e-113,582.06309242661439
1.3999999999999999,1.5874999999999999,-151.03674624606703,4.2525988693442572e-130,658.18120385344253
1.3999999999999999,1.625,-191.07423788954065,1.7401742156333475e-147,738.25618714038978
1.3999999999999999,1.6624999999999999,-233.01234224243746,1.0644013762873412e-165,822.13239584618339
1.3999999999999999,1.7,-276.73093141636139,1.0973960498695033e-184,909.56957419403125
1.3999999999999999,1.7375,-322.2014462330057,1.9623194949272602e-204,1000.5106038273199
1.3999999999999999,1.7749999999999999,-369.39337403712739,6.2744531768580353e-225,1094.8944594355632
1.3999999999999999,1.8125,-418.23805370934804,3.8423863494225158e-246,1192.5838187800045
1.3999999999999999,1.8499999999999999,-468.78328090459092,4.2962324721472206e-268,1293.6742731704903
1.3999999999999999,1.8875,-521.01452287819086,8.8991310276975e-291,1398.1367571176902
1.3999999999999999,1.925,-574.99734954512951,3.1981870632495536e-314,1506.1024104515675
1.3999999999999999,1.9624999999999999,-630.85050523280302,0,1617.8087218269145
1.3999999999999999,2,-688.59609946109913,0,1733.2999102835067
1.4375,0.5,-508.05907590352183,3.7655353837390245e-285,1372.2258631683521
1.4375,0.53749999999999998,-400.47359776546784,1.9934540121464805e-238,1157.0549068922442
1.4375,0.57499999999999996,-306.81587330521671,9.4327677576271896e-198,969.7394579717419
1.4375,0.61250000000000004,-225.42916522583459,2.0914012393137651e-162,806.96604181297766
1.4375,0.65000000000000002,-155.0008785900996,8.0733469547948356e-132,666.10946854150768
1.4375,0.6875,-94.313844304395332,1.8327267982932387e-105,544.73539997009914
1.4375,0.72499999999999998,-42.329535659935118,6.9118788933269437e-83,440.76678268117871
1.4375,0.76249999999999996,1.8091762233471513,1.0204579871469908e-63,352.48935891461417
1.4375,0.80000000000000004,38.83841749490486,1.2313748596094951e-47,278.43087637149875
1.4375,0.83749999999999991,69.421256804214877,2.3569405893015822e-34,217.26519775287872
1.4375,0.875,94.060265014530543,1.1828616207005731e-23,167.98718133224739
1.4375,0.91249999999999998,113.2636489453847,2.5873645046116859e-15,129.58041347053907
1.4375,0.94999999999999996,127.37879257773295,3.491295484160361e-09,101.35012620584257
1.4375,0.98750000000000004,136.72242786098971,3.989108520602356e-05,82.662855639329038
1.4375,1.0249999999999999,141.58630821503078,0.0051669260931318682,72.935094931246894
1.4375,1.0625,142.22120448089177,0.0097490925748406326,71.665302399524919
1.4375,1.1000000000000001,138.84514836428096,0.00033324347327733111,78.417414632746571
1.4375,1.1375,131.63782997974562,2.4698071786320118e-07,92.832051401817239
1.4375,1.1749999999999998,120.75619901252715,4.643342995607492e-12,114.59531333625418
1.4375,1.2124999999999999,106.41783780434811,2.7527046289617737e-18,143.27203575261225
1.4375,1.25,88.737160137035303,5.7695091434267708e-26,178.63339108723787
1.4375,1.2875000000000001,67.918792352949396,5.246100607985937e-35,220.27012665540968
1.4375,1.325,44.067750044764068,2.2985849191673175e-45,267.97221127178034
1.4375,1.3624999999999998,17.364249276496736,5.8113565484568364e-57,321.379212808315
1.4375,1.3999999999999999,-12.038218182718083,9.8843507923131901e-70,380.18414772674464
1.4375,1.4375,-43.996912783392361,1.3045581312192278e-83,444.1015369280932
1.4375,1.4750000000000001,-78.388062295933196,1.5120876853630636e-98,512.88383595317487
1.4375,1.5125,-115.05789227381922,1.7950318743120822e-114,586.22349590894692
1.4375,1.55,-153.88104627902862,2.4739482463875484e-131,663.86980391936572
1.4375,1.5874999999999999,-194.71453885981731,4.5669904716502083e-149,745.53678908094309
1.4375,1.625,-237.49074849585872,1.2082541732560328e-167,831.08920835302592
1.4375,1.6624999999999999,-282.08795007861676,5.1741587359093201e-187,920.28361151854199
1.4375,1.7,-328.4344448308762,3.8531225458614864e-207,1012.9766010230609
1.4375,1.7375,-376.48187983005778,5.2369319657624868e-228,1109.071471021424
1.4375,1.7749999999999999,-426.16549767995718,1.3859764747206791e-249,1208.4387067212228
1.4375,1.8125,-477.46548135020134,7.2854440786464674e-272,1311.0386740617112
1.4375,1.8499999999999999,-530.35281011757434,7.8303465417324157e-295,1416.8133315964571
1.4375,1.8875,-584.92743087179713,1.5571269333720231e-318,1525.9625731049027
1.4375,1.925,-641.17297004351849,0,1638.4536514483455
1.4375,1.9624999999999999,-699.18446655384139,0,1754.4766444689913
1.4375,2,-759.06836325524819,0,1874.2444378718048
1.4750000000000001,0.5,-460.72320513232205,1.3599852711648577e-264,1277.5541216259526
1.4750000000000001,0.53749999999999998,-356.70962125593462,2.0232974091981667e-219,1069.5269538731777
1.4750000000000001,0.57499999999999996,-266.55093348043135,2.8938786914022514e-180,889.20957832217118
1.4750000000000001,0.61250000000000004,-188.6941450347353,1.8804159341729265e-146,733.49600143077907
1.4750000000000001,0.65000000000000002,-121.73046709598333,2.2709613314538098e-117,599.56864555327513
1.4750000000000001,0.6875,-64.490856251529152,1.6408046397041678e-92,485.08942386436678
1.4750000000000001,0.72499999999999998,-15.954502361299006,1.9684642945568576e-71,388.01671608390649
1.4750000000000001,0.76249999999999996,24.765254980572763,9.5168551592005898e-54,306.57720140016295
1.4750000000000001,0.80000000000000004,58.439294839707188,4.008142503967006e-39,239.2291216818941
1.4750000000000001,0.83749999999999991,85.650472677535419,2.6339500509072011e-27,184.80676600623764
1.4750000000000001,0.875,106.95923560967719,4.730267406868619e-18,142.18924014195409
1.4750000000000001,0.91249999999999998,122.82265517624661,3.6667497785059765e-11,110.46240100881525
1.4750000000000001,0.94999999999999996,133.60694162463864,1.7694462316522275e-06,88.893828112031173
1.4750000000000001,0.98750000000000004,139.67137688642822,0.00076135664102864806,76.764957588452006
1.4750000000000001,1.0249999999999999,141.27966415513674,0.0038024054730216102,73.548383051035003
1.4750000000000001,1.0625,138.66331121429795,0.00027783744815798887,78.781088932712606
1.4750000000000001,1.1000000000000001,132.05341756955204,3.7424020778562915e-07,92.000876222204425
1.4750000000000001,1.1375,121.61740707220622,1.0986229662224179e-11,112.87289721689605
1.4750000000000001,1.1749999999999998,107.56737015099584,8.6895076139477423e-18,140.97297105931679
1.4750000000000001,1.2124999999999999,90.070411930861724,2.1885816974016739e-25,175.96688749958503
1.4750000000000001,1.25,69.285628785401215,2.0580036248500345e-34,217.53645379050604
1.4750000000000001,1.2875000000000001,45.342087240462718,8.2204987034916206e-45,265.42353688038304
1.4750000000000001,1.325,18.432232924837734,1.6908182511877114e-56,319.24324551163301
1.4750000000000001,1.3624999999999998,-11.279450714530526,2.110943815954855e-69,378.66661279036953
1.4750000000000001,1.3999999999999999,-43.673545830130394,1.8026022943376678e-83,443.45480302156926
1.4750000000000001,1.4375,-78.588031337826749,1.2380310158599562e-98,513.28377403696197
1.4750000000000001,1.4750000000000001,-115.87634697162332,7.9181150142630825e-115,587.86040530455512
1.4750000000000001,1.5125,-155.39667445588827,5.4345258186218158e-132,666.90106027308502
1.4750000000000001,1.55,-197.00061555558619,4.6430099176461525e-150,750.10894247248086
1.4750000000000001,1.5874999999999999,-240.62815706313876,5.2432320121935392e-169,837.36402548758599
1.4750000000000001,1.625,-286.09491138366576,9.411060474242694e-189,928.29753412864
1.4750000000000001,1.6624999999999999,-333.35392450959853,2.8139083186224212e-209,1022.8155603805055
1.4750000000000001,1.7,-382.29968230570432,1.5575335844295938e-230,1120.7070759727171
1.4750000000000001,1.7375,-432.84545510475334,1.7405528302579392e-252,1221.7986215708152
1.4750000000000001,1.7749999999999999,-485.01633568356795,3.8296726951372318e-275,1326.1403827284444
1.4750000000000001,1.8125,-538.72797727727118,1.8050619030438028e-298,1433.5636659158508
1.4750000000000001,1.8499999999999999,-593.97300199732479,1.8280428896126122e-322,1544.053715355958
1.4750000000000001,1.8875,-650.80588354258589,0,1657.7194784464803
1.4750000000000001,1.925,-709.26757097889561,0,1774.6428533190997
1.4750000000000001,1.9624999999999999,-769.43402987612455,0,1894.9757711135576
1.4750000000000001,2,-831.41850325512689,0,2018.9447178715623
1.5125,0.5,-417.02270244772535,1.295452153344402e-245,1190.1531162567592
1.5125,0.53749999999999998,-316.54230363349478,5.6299446050606403e-202,989.19231862829804
1.5125,0.57499999999999996,-229.88174709085837,2.4361589831151994e-164,815.87120554302521
1.5125,0.61250000000000004,-155.47122988225351,5.0440878996050059e-132,667.0501711258155
1.5125,0.65000000000000002,-91.938280680417222,1.9714778566020815e-104,539.98427272214292
1.5125,0.6875,-38.084698767721648,4.8206473130252456e-81,432.27710889675177
1.5125,0.72499999999999998,7.079916683897352,1.9854027853557012e-61,341.94787799351377
1.5125,0.76249999999999996,44.477579303225099,3.462957315651941e-45,267.15255275485828
1.5125,0.80000000000000004,74.807248520421751,5.1458262427331425e-32,206.49321432046497
1.5125,0.83749999999999991,98.727527959045602,1.2586369673458821e-21,158.65265544321727
1.5125,0.875,116.75548950056648,8.4985473937627867e-14,122.59673236017549
1.5125,0.91249999999999998,129.36176257241067,2.5361768448581262e-08,97.384186216487166
1.5125,0.94999999999999996,136.9236556721637,4.8782940981084456e-05,82.260400016981066
1.5125,0.98750000000000004,139.73770805232587,0.00081357088756426146,76.632295256656718
1.5125,1.0249999999999999,138.14289642930379,0.00016511157191772895,79.821918502700882
1.5125,1.0625,132.33229422671101,4.9461244435567647e-07,91.443122907886433
1.5125,1.1000000000000001,122.55746879477249,2.8126279765383621e-11,110.99277377176351
1.5125,1.1375,108.98284172611939,3.5787112822339e-17,138.1420279090697
1.5125,1.1749999999999998,91.801596975766273,1.2359669994202626e-24,172.50451740977593
1.5125,1.2124999999999999,71.221720967352638,1.4265279540281635e-33,213.6642694266032
1.5125,1.25,47.345528324512173,6.0951103502088354e-44,261.41665471228413
1.5125,1.2875000000000001,20.368057340341352,1.1716955720127761e-55,315.37159668062577
1.5125,1.325,-9.5572452892084812,1.181465345103895e-68,375.22220193972544
1.5125,1.3624999999999998,-42.270172519792283,7.3346130058983435e-83,440.64805640089304
1.5125,1.3999999999999999,-77.573888354153695,3.4132510043065687e-98,511.25548806961586
1.5125,1.4375,-115.41653881560921,1.2540473958993777e-114,586.9407889925269
1.5125,1.4750000000000001,-155.56626572855049,4.5867925925030936e-132,667.24024281840946
1.5125,1.5125,-197.91252730132203,1.8653544699316195e-150,751.93276596395253
1.5125,1.55,-242.30993426931036,9.7546685030270019e-170,840.7275798999292
1.5125,1.5874999999999999,-288.63755334836287,7.4025813618407388e-190,933.38281805803422
1.5125,1.625,-336.79823939429423,8.9838604038365446e-211,1029.7041901498969
1.5125,1.6624999999999999,-386.65998228646367,1.9896798367001173e-232,1129.4276759342358
1.5125,1.7,-438.16120932058436,8.5523307184946591e-255,1232.4301300024772
1.5125,1.7375,-491.22107156935476,7.7353345500261168e-278,1338.549854500018
1.5125,1.7749999999999999,-545.81123574107789,1.5145096174117184e-301,1447.7301828434643
1.5125,1.8125,-601.9073163533244,0,1559.9223440679573
1.5125,1.8499999999999999,-659.46714059612805,0,1675.0419925535646
1.5125,1.8875,-718.53575123986911,0,1793.1792138410467
1.5125,1.925,-779.20151284932751,0,1914.5107370599635
1.5125,1.9624999999999999,-841.50222180944741,0,2039.1121549802033
1.5125,2,-905.51836853702378,0,2167.144448435356
1.55,0.5,-376.8162401877911,3.7485738703474608e-228,1109.7401917368907
1.55,0.53749999999999998,-279.81198080321025,5.0382608104551944e-186,915.73167296772897
1.55,0.57499999999999996,-196.60636037159077,6.8868791515038712e-150,749.32043210449001
1.55,0.61250000000000004,-125.61488360415535,4.6690560176197812e-119,607.33747856961918
1.55,0.65000000000000002,-65.443927289664629,6.326206771571856e-93,486.99556594063773
1.55,0.6875,-14.931776933626281,5.4738330996822612e-71,385.97126522856104
1.55,0.72499999999999998,26.920876208010441,8.2161406231876828e-53,302.26595894528759
1.55,0.76249999999999996,61.0412799155784,5.4071810862187544e-38,234.02515153015167
1.55,0.80000000000000004,88.116516957240819,3.1016797719103975e-26,179.87467744682684
1.55,0.83749999999999991,108.77091185371295,2.8952541201952626e-17,138.56588765388258
1.55,0.875,123.61685300105563,8.1132901433870884e-11,108.87400535919723
1.55,0.91249999999999998,133.01884963509198,9.827255880993307e-07,90.070012091124511
1.55,0.94999999999999996,137.39393020582062,7.8073853256350269e-05,81.319850949667213
1.55,0.98750000000000004,137.07379454626977,5.6685562903097517e-05,81.960122268768956
1.55,1.0249999999999999,132.32562657208001,4.9132550965065265e-07,91.456458217148452
1.55,1.0625,123.39718534755497,6.5132321436270617e-11,109.31334066619854
1.55,1.1000000000000001,110.49838839239895,1.6289967456543216e-16,135.11093457651057
1.55,1.1375,93.860105679949655,9.6829089098802897e-24,168.38750000140917
1.55,1.1749999999999998,73.620726029354188,1.5709231759687786e-32,208.8662593026001
1.55,1.2124999999999999,49.95786186208835,8.3081363052897029e-43,256.19198763713177
1.55,1.25,23.083582479387132,1.7707301092265478e-54,309.94054640253421
1.55,1.2875000000000001,-6.8838015792006217,1.7119175267947389e-67,369.87531451970972
1.55,1.325,-39.779069953299881,8.8562384807941136e-82,435.66585126790824
1.55,1.3624999999999998,-75.41975380541524,2.9423679035837043e-97,506.94721897213896
1.55,1.3999999999999999,-113.66907513935507,7.1982641992818978e-114,583.44586164001862
1.55,1.4375,-154.35229679839222,1.5442908919593004e-131,664.81230495809291
1.55,1.4750000000000001,-197.34067170829502,3.3045711018441609e-150,750.78905477789851
1.55,1.5125,-242.48294665364875,8.204916985138477e-170,841.07360466860598
1.55,1.55,-289.62453195524773,2.7589499796270588e-190,935.35677527180394
1.55,1.5874999999999999,-338.63433960747193,1.4323686403618744e-211,1033.3763905762523
1.55,1.625,-389.43750836270328,1.2374251842568765e-233,1134.982728086715
1.55,1.6624999999999999,-441.89281516755818,2.0486542014589039e-256,1239.8933416964248
1.55,1.7,-495.91946319486442,7.0468259460489812e-280,1347.9466377510373
1.55,1.7375,-551.46001723473864,5.3338083061468109e-304,1459.0277458307858
1.55,1.7749999999999999,-608.4675478976925,0,1573.0428071566935
1.55,1.8125,-666.8794563251588,0,1689.8666240116261
1.55,1.8499999999999999,-726.75805875594085,0,1809.6238288731902
1.55,1.8875,-788.04857362472114,0,1932.2048586107508
1.55,1.925,-850.8480005612347,0,2057.8037124837779
1.55,1.9624999999999999,-915.21630498050683,0,2186.5403213223221
1.55,2,-981.28788578669389,0,2318.6834829346963
1.5874999999999999,0.5,-339.9082886108655,4.0066903661330607e-212,1035.9242885830395
1.5874999999999999,0.53749999999999998,-246.37014719287265,1.6822264109500047e-171,848.84800574705378
1.5874999999999999,0.57499999999999996,-166.5839154211439,7.5267005408409751e-137,689.27554220359627
1.5874999999999999,0.61250000000000004,-98.93769342485956,1.7988111546567927e-107,553.9830982110276
1.5874999999999999,0.65000000000000002,-42.101992910560057,8.67794074792124e-83,440.31169718242859
1.5874999999999999,0.6875,5.1150570923896055,2.783049613078422e-62,345.87759717652926
1.5874999999999999,0.72499999999999998,43.743940309673945,1.6627684363102823e-45,268.61983074196058
1.5874999999999999,0.76249999999999996,74.618875571337284,4.262317381765441e-32,206.86996021863391
1.5874999999999999,0.80000000000000004,98.507799422981364,1.0103540635716917e-21,159.09211251534575
1.5874999999999999,0.83749999999999991,116.00150900927333,3.9984818946638092e-14,124.10469334276181
1.5874999999999999,0.875,127.68659381406646,4.7496650632974837e-09,100.73452373317556
1.5874999999999999,0.91249999999999998,133.96205240003127,2.5238295470980674e-06,88.183606561245938
1.5874999999999999,0.94999999999999996,135.22072588087275,8.8857679529669062e-06,85.666259599562963
1.5874999999999999,0.98750000000000004,131.7960692717617,2.8932469231213606e-07,92.51557281778507
1.5874999999999999,1.0249999999999999,123.96793050373029,1.1525719059569474e-10,108.17185035384792
1.5874999999999999,1.0625,111.97217928000698,7.1117988844279476e-16,132.16335280129451
1.5874999999999999,1.1000000000000001,96.034296083453356,8.5161782148571258e-23,164.03911919440176
1.5874999999999999,1.1375,76.351726973327331,2.4110909169106378e-31,203.40425741465381
1.5874999999999999,1.1749999999999998,53.102048604439346,1.9275540522860987e-41,249.90361415242978
1.5874999999999999,1.2124999999999999,26.458356313486235,5.1736616830168975e-53,303.19099873433601
1.5874999999999999,1.25,-3.4050761458865964,5.5497586663809392e-66,362.91786365308167
1.5874999999999999,1.2875000000000001,-36.323026591927857,2.8066603785256371e-80,428.75376454516419
1.5874999999999999,1.325,-72.137102084699279,7.8403328928738594e-96,500.38191553070703
1.5874999999999999,1.3624999999999998,-110.68352870876447,1.425063192179015e-112,577.47476877883742
1.5874999999999999,1.3999999999999999,-151.81186698435391,1.958951843410045e-130,659.7314453300163
1.5874999999999999,1.4375,-195.32481781908268,2.4807861070219198e-149,746.75734699947384
1.5874999999999999,1.4750000000000001,-241.09862821448127,3.2754882864404824e-169,838.30496779027101
1.5874999999999999,1.5125,-288.99460979359674,5.1798304642652388e-190,934.09693094850195
1.5874999999999999,1.55,-338.85629508953571,1.1472571238396148e-211,1033.8203015403799
1.5874999999999999,1.5874999999999999,-390.53621310220319,4.1243692951912458e-234,1137.1801375657149
1.5874999999999999,1.625,-443.94962193204128,2.6194422645508515e-257,1244.006955225391
1.5874999999999999,1.6624999999999999,-498.97630842354658,3.3145343935464523e-281,1354.0603282084016
1.5874999999999999,1.7,-555.51123101415249,9.2814881374692444e-306,1467.1301733896134
1.5874999999999999,1.7375,-613.49718257450184,0,1583.1020765103121
1.5874999999999999,1.7749999999999999,-672.87903173372047,0,1701.8657748287494
1.5874999999999999,1.8125,-733.63016211592117,0,1823.3680355931508
1.5874999999999999,1.8499999999999999,-795.74297940962026,0,1947.593670180549
1.5874999999999999,1.8875,-859.23051628291148,0,2074.5687439271314
1.5874999999999999,1.925,-924.16026241968655,0,2204.4282362006816
1.5874999999999999,1.9624999999999999,-990.57286201674958,0,2337.2534353948076
1.5874999999999999,2,-1058.6114406985375,0,2473.3305927583838
1.625,0.5,-306.20898040034717,1.7306505374540446e-197,968.52567216200282
1.625,0.53749999999999998,-216.10049928739261,2.3541032213637825e-158,788.30870993609369
1.625,0.57499999999999996,-139.66664258293224,3.6866142627495625e-125,635.44099652717296
1.625,0.61250000000000004,-75.349987921806672,3.1549749310378269e-97,506.80768720492182
1.625,0.65000000000000002,-21.77741766037056,5.8246194843699724e-74,399.66254668204959
1.625,0.6875,22.209738549875738,7.3900397667734372e-55,311.688234261557
1.625,0.72499999999999998,57.616034791794974,1.759567200706861e-39,240.87564177771853
1.625,0.76249999999999996,85.344359171573487,1.9393854295014357e-27,185.4189930181615
1.625,0.80000000000000004,106.07823588494044,1.9600735741916574e-18,143.95123959142759
1.625,0.83749999999999991,120.48200394341939,3.529793995070972e-12,115.1437034744697
1.625,0.875,129.066330088835,1.8874473058953165e-08,97.975051183638499
1.625,0.91249999999999998,132.25013581081947,4.5560039534724394e-07,91.607439739669545
1.625,0.94999999999999996,130.48038894204285,7.7623423475014494e-08,95.146933477222746
1.625,0.98750000000000004,124.01169782173687,1.2041370908474449e-10,108.08431571783474
1.625,1.0249999999999999,113.17292012516832,2.362950314741593e-15,129.76187111097184
1.625,1.0625,98.167842446657218,7.1917097864640993e-22,159.77202646799404
1.625,1.1000000000000001,79.232012669392461,4.2964105177272401e-30,197.64368602252355
1.625,1.1375,56.572099082301079,6.1948435072277325e-40,242.96351319670632
1.625,1.1749999999999998,30.341612813466952,2.5134768848802656e-51,295.42448573437457
1.625,1.2124999999999999,0.77254480410320525,3.6190270076050026e-64,354.56262175310206
1.625,1.25,-32.027152623530043,2.059985783497855e-78,420.16201660836856
1.625,1.2875000000000001,-67.865257192918165,5.6178891658050212e-94,491.8382257471448
1.625,1.325,-106.56439444528752,8.7649895717236596e-111,569.23650025188351
1.625,1.3624999999999998,-147.95698882330248,9.2507314538227817e-129,652.02168900791344
1.625,1.3999999999999999,-191.90783817845397,7.5607473129272283e-148,739.92338771821642
1.625,1.4375,-238.22994272390162,5.7693957403248276e-168,832.56759680911171
1.625,1.4750000000000001,-286.78060212259396,4.74074788467694e-189,929.6689156064964
1.625,1.5125,-337.39396791770434,4.951552459526923e-211,1030.8956471967172
1.625,1.55,-389.94554734155747,7.4452695471638233e-234,1135.9988060444234
1.625,1.5874999999999999,-444.28571528415603,1.8717392276278147e-257,1244.6791419296205
1.625,1.625,-500.27922232234539,9.006876611532456e-282,1356.6661560059993
1.625,1.6624999999999999,-557.85646080264928,8.894002721491652e-307,1471.820632966607
1.625,1.7,-616.86762906187448,0,1589.8429694850574
1.625,1.7375,-677.27015625798163,0,1710.6480238772717
1.625,1.7749999999999999,-738.9987005465149,0,1834.1051124543383
1.625,1.8125,-802.05266359014604,0,1960.2130385416006
1.625,1.8499999999999999,-866.38723846922915,0,2088.8821882997668
1.625,1.8875,-932.04441299017537,0,2220.1965373416592
1.625,1.925,-999.05599797249931,0,2354.2197073063071
1.625,1.9624999999999999,-1067.4882612200518,0,2491.0842338014122
1.625,2,-1137.4480438744968,0,2631.0037991103022
1.6624999999999999,0.5,-275.58995491573432,3.4346555590884288e-184,907.28762119277712
1.6624999999999999,0.53749999999999998,-188.86915946137674,1.5785055852093965e-146,733.84603028406195
1.6624999999999999,0.57499999999999996,-115.78647504287153,8.6626883116750558e-115,587.68066144705153
1.6624999999999999,0.61250000000000004,-54.722010658789031,2.8682209979726942e-88,465.55173267888654
1.6624999999999999,0.65000000000000002,-4.3778978637744217,2.0978913587557842e-66,364.86350708885732
1.6624999999999999,0.6875,36.425153318236738,1.1023587844941533e-48,283.257404724835
1.6624999999999999,0.72499999999999998,68.702312587851793,1.148458032348535e-34,218.70308618560489
1.6624999999999999,0.76249999999999996,93.324675227334154,5.6685418238962486e-24,169.45836090664017
1.6624999999999999,0.80000000000000004,110.96154570099942,2.5886115230115185e-16,134.18461995930963
1.6624999999999999,0.83749999999999991,122.32017264694198,2.2184818740353952e-11,111.46736606742452
1.6624999999999999,0.875,127.87691673213745,5.7453855560991525e-09,100.35387789703358
1.6624999999999999,0.91249999999999998,128.07558340643487,7.0080794803141556e-09,99.956544548438714
1.6624999999999999,0.94999999999999996,123.28649774412958,5.8307650526444771e-11,109.53471587304932
1.6624999999999999,0.98750000000000004,113.83806017403322,4.5953780218166012e-15,128.43159101324204
1.6624999999999999,1.0249999999999999,100.01896013775637,4.5789125809195817e-21,156.06979108579574
1.6624999999999999,1.0625,82.061371535973095,7.2757993576227305e-29,191.98496828936229
1.6624999999999999,1.1000000000000001,60.183608832975324,2.2934490464533108e-38,235.74049369535783
1.6624999999999999,1.1375,34.585933978856048,1.7521051137056264e-49,286.93584340359638
1.6624999999999999,1.1749999999999998,5.4435367595541209,3.8652523722666396e-62,345.22063784220023
1.6624999999999999,1.2124999999999999,-27.030036445546386,3.0484859988596288e-76,410.16778425240125
1.6624999999999999,1.25,-62.718374366916549,9.6568609315911262e-92,481.54446009514157
1.6624999999999999,1.2875000000000001,-101.42563334523618,1.49446928376214e-108,558.95897805178083
1.6624999999999999,1.325,-142.97105388278021,1.3537550991716112e-126,642.0498191268689
1.6624999999999999,1.3624999999999998,-187.18646773660896,8.4923885029255711e-146,730.4806468345264
1.6624999999999999,1.3999999999999999,-233.95911188665889,4.1297959621312418e-166,824.02593513462625
1.6624999999999999,1.4375,-283.04982722465667,1.977433153972412e-187,922.20736581062181
1.6624999999999999,1.4750000000000001,-334.34593929967502,1.0434782329244355e-209,1024.7995899606585
1.6624999999999999,1.5125,-387.64436498020893,7.434833153401846e-233,1131.3964413217263
1.6624999999999999,1.55,-442.85390354245146,7.8356184626444512e-257,1241.8155184462114
1.6624999999999999,1.5874999999999999,-499.80361318359655,1.4492010423361383e-281,1355.7149377285016
1.6624999999999999,1.625,-558.37847025972962,5.2770526994264622e-307,1472.8646518807677
1.6624999999999999,1.6624999999999999,-618.43190703527034,0,1592.9715254318492
1.6624999999999999,1.7,-679.91583534791494,0,1715.9393820571383
1.6624999999999999,1.7375,-742.74635031304899,0,1841.6004119874065
1.6624999999999999,1.7749999999999999,-806.80426202457943,0,1969.7162354104673
1.6624999999999999,1.8125,-872.12608230340413,0,2100.3598759681167
1.6624999999999999,1.8499999999999999,-938.66184191095329,0,2233.431395183215
1.6624999999999999,1.8875,-1006.4255855781502,0,2368.9588825176088
1.6624999999999999,1.925,-1075.4850247886161,0,2507.0777609385409
1.6624999999999999,1.9624999999999999,-1145.9012657298395,0,2647.9102428209872
1.6624999999999999,2,-1217.7828173483822,0,2791.6733460580731
1.7,0.5,-247.96945062536565,3.3987231642665156e-172,852.04661261203978
1.7,0.53749999999999998,-164.59697992231651,5.4893353160352188e-136,685.30167120594149
1.7,0.57499999999999996,-94.786966283462505,1.141887885355236e-105,545.68164392823348
1.7,0.61250000000000004,-36.96897059043178,1.4711601403494746e-80,430.04565254217204
1.7,0.65000000000000002,10.191754441527138,4.4596686641697804e-60,335.7242024782542
1.7,0.6875,47.876637395118252,1.0366670895196706e-43,260.35443657107197
1.7,0.72499999999999998,77.073343713371415,4.9614401317873447e-31,201.96102393456565
1.7,0.76249999999999996,98.641436999242146,1.154812974098429e-21,158.82483736282418
1.7,0.80000000000000004,113.26634550958994,2.5943509145387411e-15,129.5750203421286
1.7,0.83749999999999991,121.62849162334435,1.1108684511444218e-11,112.85072811461978
1.7,0.875,124.19139785602877,1.4411814628787053e-10,107.72491564925093
1.7,0.91249999999999998,121.42380529666782,9.0524991082946993e-12,113.26010076797283
1.7,0.94999999999999996,113.69282375867365,3.9741647694783592e-15,128.72206384396117
1.7,0.98750000000000004,101.3236174739703,1.6879820891236571e-20,153.46047641336787
1.7,1.0249999999999999,84.599369895454529,9.2070265764086552e-28,186.90897157039942
1.7,1.0625,63.721113410277567,7.8851110389270856e-37,228.66548454075334
1.7,1.1000000000000001,38.945249707307482,1.37020933794275e-47,278.21721194669351
1.7,1.1375,10.448996828139713,5.7679507377834328e-60,335.20971770502905
1.7,1.1749999999999998,-21.534549073032878,7.4258136418865701e-74,399.17680950737423
1.7,1.2124999999999999,-56.899390820065719,3.2507863078703965e-89,469.90649300143991
1.7,1.25,-95.435848538779169,5.967844280474138e-106,546.97940843886681
1.7,1.2875000000000001,-136.96725022676361,5.4822508520544754e-124,630.0422118148357
1.7,1.325,-181.33329413788863,2.9582225905648333e-143,718.77429963708573
1.7,1.3624999999999998,-228.36684781047256,1.108199691547304e-163,812.8414069822536
1.7,1.3999999999999999,-277.88301475799665,3.4675278242070958e-185,911.87374087730177
1.7,1.4375,-329.73836595067377,1.0459888967778008e-207,1015.584443262656
1.7,1.4750000000000001,-383.74665681060264,3.6645814341410348e-231,1123.6010249825138
1.7,1.5125,-439.73056712485698,1.7804142112497139e-255,1235.5688456110224
1.7,1.55,-497.57657481480589,1.3437519648199563e-280,1351.2608609909203
1.7,1.5874999999999999,-557.13883212241819,1.822885682563064e-306,1470.3853756061449
1.7,1.625,-618.24340959517031,0,1592.5945305516491
1.7,1.6624999999999999,-680.80485781125617,0,1717.7174269838208
1.7,1.7,-744.72246016613553,0,1845.5526316935795
1.7,1.7375,-809.89855685607097,0,1975.9048250734504
1.7,1.7749999999999999,-876.29041903331188,0,2108.6885494279322
1.7,1.8125,-943.83669236067783,0,2243.7810960826641
1.7,1.8499999999999999,-1012.5540030062351,0,2381.2157173737787
1.7,1.8875,-1082.4140106140544,0,2520.9357325894171
1.7,1.925,-1153.4889340776881,0,2663.0855795166844
1.7,1.9624999999999999,-1225.8465054851358,0,2807.8007223315803
1.7,2,-1299.6046668909139,0,2955.3170451431361
1.7375,0.5,-223.27247027066988,1.8074990562651104e-161,802.65265190264824
1.7375,0.53749999999999998,-143.245200356814,1.0291526687647877e-126,642.59811207493647
1.7375,0.57499999999999996,-76.677999101340106,8.3608029040051293e-98,509.46370956398869
1.7375,0.61250000000000004,-22.038933864492691,4.4842778525579718e-74,400.18557909029386
1.7375,0.65000000000000002,22.012853891096,6.0693314400064568e-55,312.08200357911647
1.7375,0.6875,56.635918909015714,6.603085767733746e-40,242.83587354327705
1.7375,0.72499999999999998,82.777131576065869,1.4884400592865757e-28,190.55344820917674
1.7375,0.76249999999999996,101.34127037331365,1.7180444300989602e-20,153.42517061468118
1.7375,0.80000000000000004,113.01221804770223,2.0121602459501568e-15,130.08327526590401
1.7375,0.83749999999999991,118.41545565270145,4.4694989614483254e-13,119.27680005590557
1.7375,0.875,118.05727555415729,3.1239437143367834e-13,119.99316025299392
1.7375,0.91249999999999998,112.39252061391018,1.0827579682743514e-15,131.32267013348812
1.7375,0.94999999999999996,101.76633659894732,2.6280783412258524e-20,152.57503816341384
1.7375,0.98750000000000004,86.505223695323636,6.1918608142772765e-27,183.0972639706612
1.7375,1.0249999999999999,66.897794129567941,1.8898299205911228e-35,222.31212310217259
1.7375,1.0625,43.172839570720328,9.3930335235976672e-46,269.76203221986782
1.7375,1.1000000000000001,15.531992160833539,9.301186810464847e-58,325.0437270396414
1.7375,1.1375,-15.777105006431526,2.3505540062283375e-71,387.66192137417153
1.7375,1.1749999999999998,-50.627383176257013,1.721419554449388e-86,457.3624777138225
1.7375,1.2124999999999999,-88.820636717510467,4.4541770215058073e-103,533.74898479632941
1.7375,1.25,-130.16256583086357,4.9453358159617336e-121,616.43284302303562
1.7375,1.2875000000000001,-174.50559464495643,2.7306312942178164e-140,705.11890065122134
1.7375,1.325,-221.6646235023365,9.023126758250267e-161,799.43695836598147
1.7375,1.3624999999999998,-271.455201782458,2.1457724283537415e-182,899.01811492622448
1.7375,1.3999999999999999,-323.73352725329659,4.2402882992579099e-205,1003.5747658679016
1.7375,1.4375,-378.30768622052517,8.4360528437101087e-229,1112.7230838023588
1.7375,1.4750000000000001,-435.00207571186149,2.0140895703985348e-253,1226.1118627850315
1.7375,1.5125,-493.65582497290757,6.7776499307892978e-279,1343.4193613071236
1.7375,1.55,-554.14194905790009,3.6499693008807258e-305,1464.3916094771087
1.7375,1.5874999999999999,-616.25015101800852,0,1588.6080133973255
1.7375,1.625,-679.89729344332648,0,1715.9022982479614
1.7375,1.6624999999999999,-744.94137778973311,0,1845.9904669407747
1.7375,1.7,-811.27233249394385,0,1978.6523763491962
1.7375,1.7375,-878.80804633759806,0,2113.7238040365046
1.7375,1.7749999999999999,-947.47092029306793,0,2251.0495519474443
1.7375,1.8125,-1017.255412766042,0,2390.6185368933925
1.7375,1.8499999999999999,-1088.0904018794654,0,2532.288515120239
1.7375,1.8875,-1160.01606265289,0,2676.1398366670887
1.7375,1.925,-1233.0974705979684,0,2822.3026525572454
1.7375,1.9624999999999999,-1307.3523184580276,0,2970.812348277364
1.7375,2,-1382.9178996210617,0,3121.9435106034316
1.7749999999999999,0.5,-201.50189849006136,5.1513050821997334e-152,759.1115083414312
1.7749999999999999,0.53749999999999998,-124.74892172213595,1.1099707933923955e-118,605.60555480558037
1.7749999999999999,0.57499999999999996,-61.389228037366735,3.6481853392936535e-91,478.88616743604194
1.7749999999999999,0.61250000000000004,-9.8711360141987825,8.6317723425655802e-69,375.84998338970604
1.7749999999999999,0.65000000000000002,31.104622537123333,5.3907080038952307e-51,293.89846628706181
1.7749999999999999,0.6875,62.68395543868192,2.7949614974969342e-37,230.73980048394463
1.7749999999999999,0.72499999999999998,85.86078419440021,3.2504588038615092e-27,184.38614297250805
1.7749999999999999,0.76249999999999996,101.48917959920192,1.9919138508069978e-20,153.12935216290464
1.7749999999999999,0.80000000000000004,110.22077747976648,1.234114142560651e-16,135.66615640177551
1.7749999999999999,0.83749999999999991,112.74263845588877,1.5366877714169882e-15,130.62243444953094
1.7749999999999999,0.875,109.50655631980042,6.0418928720134601e-17,137.09459872170763
1.7749999999999999,0.91249999999999998,100.98668196588078,1.2051430544946549e-20,154.13434742954692
1.7749999999999999,0.94999999999999996,87.489667427562296,1.6571417765336094e-26,181.12837650618388
1.7749999999999999,0.98750000000000004,69.422430318002853,2.3597081151278199e-34,217.26285072530277
1.7749999999999999,1.0249999999999999,46.969593922483313,4.1851915176716113e-44,262.16852351634185
1.7749999999999999,1.0625,20.416189478645805,1.2294710606176124e-55,315.27533240401686
1.7749999999999999,1.1000000000000001,-10.021502332618752,7.4267142653429387e-69,376.15071602654598
1.7749999999999999,1.1375,-44.168070378006661,1.0993364736795182e-83,444.4438521173218
1.7749999999999999,1.1749999999999998,-81.82453399349987,4.8655986353028232e-100,519.75677934830821
1.7749999999999999,1.2124999999999999,-122.79864155111494,7.8038240294249469e-118,601.70499446353836
1.7749999999999999,1.25,-166.94784890784558,5.230585823242483e-137,690.00340917699964
1.7749999999999999,1.2875000000000001,-214.05338504323743,1.8233746881318405e-157,784.21448144778333
1.7749999999999999,1.325,-263.98579808286053,3.7627422546912706e-179,884.07930752702953
1.7749999999999999,1.3624999999999998,-316.51341716091275,5.7949455194344871e-202,989.13454568313398
1.7749999999999999,1.3999999999999999,-371.53351784878976,7.3811364658699565e-226,1099.174747058888
1.7749999999999999,1.4375,-428.79643764460945,9.980519553661824e-251,1213.7005866505274
1.7749999999999999,1.4750000000000001,-488.16070087807157,1.6503695620652431e-276,1332.4291131174516
1.7749999999999999,1.5125,-549.47112616786114,3.8976408540730283e-303,1455.0499636970308
1.7749999999999999,1.55,-612.54611893622916,0,1581.1999492337668
1.7749999999999999,1.5874999999999999,-677.22020786293797,0,1710.5481270871844
1.7749999999999999,1.625,-743.37643676553853,0,1842.8605848923855
1.7749999999999999,1.6624999999999999,-810.8947722044212,0,1977.8972557701509
1.7749999999999999,1.7,-879.60194664197263,0,2115.3116046452537
1.7749999999999999,1.7375,-949.46963347658459,0,2255.0469783144777
1.7749999999999999,1.7749999999999999,-1020.4122927321217,0,2396.9322968255519
1.7749999999999999,1.8125,-1092.354432139201,0,2540.8165756397102
1.7749999999999999,1.8499999999999999,-1165.347106460913,0,2686.8019242831347
1.7749999999999999,1.8875,-1239.3090813206422,0,2834.7258740025932
1.7749999999999999,1.925,-1314.3353428563951,0,2984.7783970740988
1.7749999999999999,1.9624999999999999,-1390.4441328604207,0,3136.9959770821497
1.7749999999999999,2,-1467.8069621080326,0,3291.7216355773739
1.8125,0.5,-182.63178998708668,8.0742328024731188e-144,721.37129133548183
1.8125,0.53749999999999998,-109.09341903752357,6.9889185427856113e-112,574.29454943635562
1.8125,0.57499999999999996,-48.893926158481122,9.743557433641946e-86,453.89556367827072
1.8125,0.61250000000000004,-0.48351533979985106,1.0306040260102888e-64,357.07474204090818
1.8125,0.65000000000000002,37.471043654401683,3.1372372931126233e-48,281.16562405250511
1.8125,0.6875,66.08786606551142,8.4076656312504626e-36,223.93197923028563
1.8125,0.72499999999999998,86.320062948456965,5.1452548976798174e-27,183.46758546439455
1.8125,0.76249999999999996,99.05193075651006,1.7409521234307509e-21,158.00384984828835
1.8125,0.80000000000000004,104.92720164072472,6.1998981169691036e-19,146.25330807985904
1.8125,0.83749999999999991,104.57636105317188,4.3653233813256069e-19,146.95498925496472
1.8125,0.875,98.517515362757095,1.0202184460794402e-21,159.07268063579428
1.8125,0.91249999999999998,87.175336051594527,1.2101725115766439e-26,181.75703925811942
1.8125,0.94999999999999996,70.893192827806629,1.0270754022540895e-33,214.32132570569522
1.8125,0.98750000000000004,50.021991711011282,8.858391140816092e-43,256.06372793928591
1.8125,1.0249999999999999,24.782056678138503,9.6781053262796964e-54,306.54359800503147
1.8125,1.0625,-4.563082402311494,1.7432447697942465e-66,365.23387616593146
1.8125,1.1000000000000001,-37.783104671596391,6.5175745974723689e-81,431.67392070450126
1.8125,1.1375,-74.704635007906205,6.0154638624874099e-97,505.51698137712089
1.8125,1.1749999999999998,-115.13520465838246,1.6614826967036605e-114,586.3781206780734
1.8125,1.2124999999999999,-158.87362506990502,1.6793498926463403e-133,673.85496150111851
1.8125,1.25,-205.77577247692579,7.1745948683838084e-154,767.65925631516006
1.8125,1.2875000000000001,-255.66082688617394,1.5523638587307948e-175,867.42936513365635
1.8125,1.325,-308.31499569502358,2.1065829280451726e-198,972.73770275135564
1.8125,1.3624999999999998,-363.61118056183477,2.0358726230955503e-222,1083.330072484978
1.8125,1.3999999999999999,-421.33066915951997,1.7437941086779108e-247,1198.7690496803484
1.8125,1.4375,-481.27066464817563,1.6213841382212738e-273,1318.6490406576597
1.8125,1.4750000000000001,-543.32109052649093,1.8269571498334537e-300,1442.7498924142903
1.8125,1.5125,-607.24616714962929,0,1570.600045660567
1.8125,1.55,-672.89636875832571,0,1701.9004488779599
1.8125,1.5874999999999999,-740.14053599572924,0,1836.3887833527669
1.8125,1.625,-808.78363502772424,0,1973.674981416757
1.8125,1.6624999999999999,-878.73776717774342,0,2113.5832457167953
1.8125,1.7,-949.82297042444395,0,2255.7536522101964
1.8125,1.7375,-1022.0381225770983,0,2400.1839565155051
1.8125,1.7749999999999999,-1095.2073316245487,0,2546.5223746104061
1.8125,1.8125,-1169.3281214910953,0,2694.7639543434989
1.8125,1.8499999999999999,-1244.3891844056379,0,2844.8860801725846
1.8125,1.8875,-1320.3584781969194,0,2996.8246677551474
1.8125,1.925,-1397.3113106229612,0,3150.730332607231
1.8125,1.9624999999999999,-1475.2830387944759,0,3306.6737889502606
1.8125,2,-1554.3765853171299,0,3464.860881995568
1.8499999999999999,0.5,-166.69937457016744,6.7059662925789627e-137,689.50646050164335
1.8499999999999999,0.53749999999999998,-96.3554366225178,2.3792794420643676e-106,548.81858460634407
1.8499999999999999,0.57499999999999996,-39.269463678196672,1.4742410365578729e-81,434.64663871770182
1.8499999999999999,0.61250000000000004,6.1167792231509281,7.5781525295705294e-62,343.87415291500662
1.8499999999999999,0.65000000000000002,41.093857903727184,1.1746692669175323e-46,273.91999555385411
1.8499999999999999,0.6875,66.790481821950237,1.6975304667464791e-35,222.526747717408
1.8499999999999999,0.72499999999999998,84.147866331738911,5.8618390600673331e-28,187.81197869783065
1.8499999999999999,0.76249999999999996,94.020408678285776,1.1366442359978239e-23,168.06689400473692
1.8499999999999999,0.80000000000000004,97.070921300621507,2.4012940944323056e-22,161.96586876006546
1.8499999999999999,0.83749999999999991,93.923703302586304,1.0318722730826285e-23,168.26030475613587
1.8499999999999999,0.875,85.079673574414031,1.4883759168714079e-27,185.94836421248041
1.8499999999999999,0.91249999999999998,70.952179472011167,1.0894816060937167e-33,214.20335241728614
1.8499999999999999,0.94999999999999996,51.920868214223674,5.915976493900732e-42,252.26597493286113
1.8499999999999999,0.98750000000000004,28.267213363655571,3.1577275871011277e-52,299.57328463399733
1.8499999999999999,1.0249999999999999,0.27483061895688365,2.2000740571383707e-64,355.55805012339471
1.8499999999999999,1.0625,-31.80765108274872,2.5656211738496269e-78,419.72301352680591
1.8499999999999999,1.1000000000000001,-67.797623559293186,6.0109910414984336e-94,491.70295847989485
1.8499999999999999,1.1375,-107.47839359648623,3.5140393136060582e-111,571.06449855428093
1.8499999999999999,1.1749999999999998,-150.65247381667109,6.2451347718942301e-130,657.41265899465066
1.8499999999999999,1.2124999999999999,-197.1540695677723,3.9824962966351934e-150,750.41585049685307
1.8499999999999999,1.25,-246.81313894865264,1.0801786076178213e-171,849.73398925861375
1.8499999999999999,1.2875000000000001,-299.41709180912619,1.5413068851653272e-194,954.94189497956086
1.8499999999999999,1.325,-354.80931796118614,1.3531656361238617e-218,1065.7263472836808
1.8499999999999999,1.3624999999999998,-412.82271774782373,8.6387629396254296e-244,1181.7531468569559
1.8499999999999999,1.3999999999999999,-473.21016387635188,5.1347218970473808e-270,1302.5280391140122
1.8499999999999999,1.4375,-535.85504264108624,3.1929473669264784e-297,1427.817796643481
1.8499999999999999,1.4750000000000001,-600.54715781107393,0,1557.2020269834563
1.8499999999999999,1.5125,-667.11310747233256,0,1690.3339263059736
1.8499999999999999,1.55,-735.33492217033449,0,1826.7775557019775
1.8499999999999999,1.5874999999999999,-805.09779840941053,0,1966.3033081801295
1.8499999999999999,1.625,-876.23826430262432,0,2108.5842399665571
1.8499999999999999,1.6624999999999999,-948.58533794767197,0,2253.2783872566524
1.8499999999999999,1.7,-1022.0696233950977,0,2400.2469581515038
1.8499999999999999,1.7375,-1096.5449639922263,0,2549.1976393457608
1.8499999999999999,1.7749999999999999,-1171.9357960852844,0,2699.9793035318771
1.8499999999999999,1.8125,-1248.231934250718,0,2852.5715798627443
1.8499999999999999,1.8499999999999999,-1325.3468880633709,0,3006.80148748805
1.8499999999999999,1.8875,-1403.2887419347599,0,3162.6851952308284
1.8499999999999999,1.925,-1482.1222417675895,0,3320.3521948964872
1.8499999999999999,1.9624999999999999,-1561.9140818733144,0,3479.9358751079376
1.8499999999999999,2,-1642.7201486164331,0,3641.5480085941749
1.8875,0.5,-153.78805213957213,2.7150476237425608e-131,663.68381564045274
1.8875,0.53749999999999998,-86.591918114125917,4.137020417572608e-102,529.29154758956031
1.8875,0.57499999999999996,-32.545939278048792,1.2261907676044522e-78,421.19958991740606
1.8875,0.61250000000000004,9.8646468870745707,3.2154487185925688e-60,336.37841758715933
1.8875,0.65000000000000002,41.917292950616599,2.6762636997011858e-46,272.27312546007528
1.8875,0.6875,64.734767233155253,2.1728616521542941e-36,226.63817689499797
1.8875,0.72499999999999998,79.26392858254394,4.4357460659407521e-30,197.57985419622059
1.8875,0.76249999999999996,86.327027904601337,5.1812164623779295e-27,183.4536555521058
1.8875,0.80000000000000004,86.610687566778836,6.8805564578468154e-27,182.8863362277508
1.8875,0.83749999999999991,80.692033154718558,1.850054879238333e-29,194.72364505187136
1.8875,0.875,69.106928240738213,1.7212243243612975e-34,217.89385487983205
1.8875,0.91249999999999998,52.237995098695919,8.1236816452429769e-42,251.63172116391664
1.8875,0.94999999999999996,30.468365425246105,2.8531385087193828e-51,295.17098051081626
1.8875,0.98750000000000004,4.0828222103188807,9.9135005542122594e-63,347.94206694067071
1.8875,1.0249999999999999,-26.640326288968708,4.501250423816734e-76,409.38836393924589
1.8875,1.0625,-61.452066702869729,3.4259925013302264e-91,479.01184476704793
1.8875,1.1000000000000001,-100.1728832371881,5.2305752251979522e-108,556.45347783568468
1.8875,1.1375,-142.5999529220673,1.9620370538908216e-126,641.30761720544308
1.8875,1.1749999999999998,-188.49242432758621,2.3007006364776977e-146,733.09256001648089
1.8875,1.2124999999999999,-237.72465423712094,9.5625634787976055e-168,831.55701983555036
1.8875,1.25,-290.11715969603819,1.6857699859582435e-190,936.34203075338485
1.8875,1.2875000000000001,-345.44616794098522,1.5765775835157032e-214,1047.0000472432789
1.8875,1.325,-403.5564227054316,9.1359215383880048e-240,1163.2205567721717
1.8875,1.3624999999999998,-464.27862400871936,3.8853970495520164e-266,1284.6649593787472
1.8875,1.3999999999999999,-527.36738578516213,1.5500092732430694e-293,1410.8424829316327
1.8875,1.4375,-592.681775037286,6.6698862188568283e-322,1541.4712614358805
1.8875,1.4750000000000001,-659.98676887848319,0,1676.0812491182749
1.8875,1.5125,-729.15435457582453,0,1814.4164205129575
1.8875,1.55,-799.96648376582527,0,1956.040678892959
1.8875,1.5874999999999999,-872.26468393730454,0,2100.6370792359176
1.8875,1.625,-945.87544307137125,0,2247.858597504051
1.8875,1.6624999999999999,-1020.6431542965887,0,2397.3940199544859
1.8875,1.7,-1096.4534127587644,0,2549.0145368788371
1.8875,1.7375,-1173.2235753820655,0,2702.5548621254397
1.8875,1.7749999999999999,-1250.8461219262285,0,2857.7999552137658
1.8875,1.8125,-1329.2421851723266,0,3014.5920817059618
1.8875,1.8499999999999999,-1408.4040448202545,0,3172.9158010018177
1.8875,1.8875,-1488.2839061834397,0,3332.6755237281877
1.8875,1.925,-1568.9657029204031,0,3494.0391172021145
1.8875,1.9624999999999999,-1650.5200305016783,0,3657.1477723646653
1.8875,2,-1733.0016005591424,0,3822.110912479593
1.925,0.5,-143.98818416702204,4.8956012349311014e-127,644.08407969535256
1.925,0.53749999999999998,-79.865075656661588,3.4523770759436362e-99,515.83786267463165
1.925,0.57499999999999996,-28.815808664328642,5.1113213283680549e-77,413.73932868996576
1.925,0.61250000000000004,10.684368739608828,7.2986454110740426e-60,334.73897388209082
1.925,0.65000000000000002,39.860190476769446,3.4209021370294748e-47,276.38733040776958
1.925,0.6875,59.857991271265576,1.6560566372180248e-38,236.39172881877732
1.925,0.72499999999999998,71.592749915106594,2.0673600092531956e-33,212.92221153109529
1.925,0.76249999999999996,75.894534122572395,1.5263609784391263e-31,204.31864311616368
1.925,0.80000000000000004,73.430117599147522,1.2982991043426529e-32,209.24747616301343
1.925,0.83749999999999991,64.806079864463641,2.3334728788183492e-36,226.49555163238119
1.925,0.875,50.492606034454113,1.4182084097719496e-42,255.12249929240025
1.925,0.91249999999999998,30.922548036169758,4.4933666452667773e-51,294.26261528896896
1.925,0.94999999999999996,6.4565059691797444,1.0643998225141421e-61,343.19469942294899
1.925,0.98750000000000004,-22.635967361699244,2.4683353385242403e-74,401.37964608470696
1.925,1.0249999999999999,-56.050876338615126,7.594401942852896e-89,468.20946403853873
1.925,1.0625,-93.606073190781842,3.7194508080825739e-105,543.31985774287216
1.925,1.1000000000000001,-135.02459484170663,3.8251054981679033e-123,626.15690104472174
1.925,1.1375,-180.1576021631148,9.5857784303553572e-143,716.42291568753808
1.925,1.1749999999999998,-228.79830385249056,7.1984508999632835e-164,813.7043190662896
1.925,1.2124999999999999,-280.74282142634286,1.9861941538673295e-186,917.59335421399419
1.925,1.25,-335.84304028324118,2.3350742680628271e-210,1027.7937919277908
1.925,1.2875000000000001,-393.92361994509395,1.3938801876790801e-235,1143.9549512514964
1.925,1.325,-454.73807929587952,5.4055679279254787e-262,1265.5838699530675
1.925,1.3624999999999998,-518.13552456917284,1.5837283107090746e-289,1392.3787604996542
1.925,1.3999999999999999,-583.93076649725424,4.2186190422671509e-318,1523.969244355817
1.925,1.4375,-651.9143840763744,0,1659.9364795140573
1.925,1.4750000000000001,-721.85637316078396,0,1799.8204576828764
1.925,1.5125,-793.62250441383469,0,1943.3527201889779
1.925,1.55,-866.98335459822113,0,2090.0744205577507
1.925,1.5874999999999999,-941.7934800918805,0,2239.6946715450695
1.925,1.625,-1017.8637215198188,0,2391.8351544009461
1.925,1.6624999999999999,-1095.0417890492408,0,2546.1912894597904
1.925,1.7,-1173.2003156207147,0,2702.5083426027377
1.925,1.7375,-1252.2282056096619,0,2860.5641225806321
1.925,1.7749999999999999,-1332.0128734934337,0,3020.1334583481757
1.925,1.8125,-1412.5293253963537,0,3181.1663621540156
1.925,1.8499999999999999,-1493.6819253005328,0,3343.4715619623739
1.925,1.8875,-1575.4845939203246,0,3507.0768992019575
1.925,1.925,-1658.0205966936242,0,3672.1489047485566
1.925,1.9624999999999999,-1741.2611446704132,0,3838.6300007021346
1.925,2,-1825.3851264104542,0,4006.8779641822171
1.9624999999999999,0.5,-137.43472401926306,3.4350860062007417e-124,630.97715939983459
1.9624999999999999,0.53749999999999998,-76.31507004730355,1.2018937341508196e-97,508.73785145591557
1.9624999999999999,0.57499999999999996,-28.208145954075434,9.385074967539901e-77,412.52400326945934
1.9624999999999999,0.61250000000000004,8.4073715051705449,7.487811980100029e-61,339.29296835096739
1.9624999999999999,0.65000000000000002,34.766694163703477,2.0992458726428159e-49,286.57432303390152
1.9624999999999999,0.6875,51.996028875485408,6.3777618767446678e-42,252.11565361033766
1.9624999999999999,0.72499999999999998,60.988764811034997,5.130549643194837e-38,234.13018173923848
1.9624999999999999,0.76249999999999996,62.565249438850643,2.4821182562314027e-37,230.97721248360719
1.9624999999999999,0.80000000000000004,57.43105208135394,1.4624091224233431e-39,241.2456071986006
1.9624999999999999,0.83749999999999991,46.087757961459403,1.7327617185221396e-44,263.93219543838967
1.9624999999999999,0.875,29.116521447174449,7.3828573200701817e-52,297.87466846695958
1.9624999999999999,0.91249999999999998,6.8610002999293727,1.5950505429803592e-61,342.38571076144973
1.9624999999999999,0.94999999999999996,-20.3012432329663,2.5489538170311914e-73,396.71019782724107
1.9624999999999999,0.98750000000000004,-52.084136103209687,4.0107627645561016e-87,460.27598356772785
1.9624999999999999,1.0249999999999999,-88.177017558631974,8.4778889252086032e-103,532.46174647857242
1.9624999999999999,1.0625,-128.42341178710353,2.8151451511882293e-120,612.95453493551554
1.9624999999999999,1.1000000000000001,-172.53563155898871,1.957975083889638e-139,701.1789744792859
1.9624999999999999,1.1375,-220.38032163062621,3.2592845235207783e-160,796.8683546225609
1.9624999999999999,1.1749999999999998,-271.72442224997877,1.6393160734887255e-182,899.55655586126602
1.9624999999999999,1.2124999999999999,-326.40557244495631,2.9304944509284957e-206,1008.9188562512211
1.9624999999999999,1.25,-384.21899361320277,2.2850258106673628e-231,1124.545698587714
1.9624999999999999,1.2875000000000001,-445.00749739262528,9.0945110607223926e-258,1246.122706146559
1.9624999999999999,1.325,-508.54339853693784,2.3200005388071248e-285,1373.1945084351842
1.9624999999999999,1.3624999999999998,-574.62015287988947,4.6635677734616724e-314,1505.3480171210874
1.9624999999999999,1.3999999999999999,-643.11279088208994,0,1642.3332931254884
1.9624999999999999,1.4375,-713.72738212945592,0,1783.5624756202203
1.9624999999999999,1.4750000000000001,-786.33624251825131,0,1928.7801963978111
1.9624999999999999,1.5125,-860.69386335059642,0,2077.4954380625013
1.9624999999999999,1.55,-936.61500271938405,0,2229.3377168000766
1.9624999999999999,1.5874999999999999,-1013.9590505039395,0,2384.0258123691874
1.9624999999999999,1.625,-1092.459285585926,0,2541.0262825331602
1.9624999999999999,1.6624999999999999,-1172.0305715369163,0,2700.1688544351409
1.9624999999999999,1.7,-1252.4937298002919,0,2861.0951709618921
1.9624999999999999,1.7375,-1333.7839554383195,0,3023.6756222379472
1.9624999999999999,1.7749999999999999,-1415.7294768763463,0,3187.5666651140014
1.9624999999999999,1.8125,-1498.2946458261972,0,3352.6970030137027
1.9624999999999999,1.8499999999999999,-1581.4554196620188,0,3519.0185506853463
1.9624999999999999,1.8875,-1665.1479626191922,0,3686.4036365996931
1.9624999999999999,1.925,-1749.4706519982369,0,3855.0490153577825
1.9624999999999999,1.9624999999999999,-1834.4147369151647,0,4024.9371851916376
1.9624999999999999,2,-1920.125590763626,0,4196.3588928885601
2,0.5,-134.29711857548813,7.9173956077092859e-123,624.70194851228473
2,0.53749999999999998,-76.144779301797371,1.4250247331729452e-97,508.39726996490322
2,0.57499999999999996,-30.894432731987166,6.3943767613618615e-78,417.89657682528281
2,0.61250000000000004,2.9082828116571022,3.0628875715513037e-63,350.29114573799427
2,0.65000000000000002,26.502753023260027,5.4085303602335502e-53,303.10220531478842
2,0.6875,41.000609447021418,1.0700850981632041e-46,274.10649246726564
2,0.72499999999999998,47.286933261947951,5.7482289877905644e-44,261.53384483741257
2,0.76249999999999996,46.208188740357599,1.9545251690447706e-44,263.69133388059328
2,0.80000000000000004,38.391441611683518,7.8753728289930616e-48,279.32482813794144
2,0.83749999999999991,24.422164757984802,6.7529147819191694e-54,307.26338184533887
2,0.875,4.7728627272418294,1.976550086479895e-62,346.56198590682482
2,0.91249999999999998,-20.154901606670961,2.9506474871926681e-73,396.4175145746504
2,0.94999999999999996,-49.957737648268534,3.3628700831566616e-86,456.02318665784554
2,0.98750000000000004,-84.397150119474077,3.7141829619088968e-101,524.90201160025663
2,1.0249999999999999,-123.19593499473564,5.245237017836647e-118,602.49958135077975
2,1.0625,-166.11319430908361,1.2051364411033862e-136,688.3340999794757
2,1.1000000000000001,-212.93478087073925,5.5805826074683668e-157,781.97727310278697
2,1.1375,-263.47075088497246,6.2977675441048971e-179,883.0492131312534
2,1.1749999999999998,-317.51962149412617,2.1186556119636515e-202,991.14695434956081
2,1.2124999999999999,-374.92091949765415,2.4945567635738684e-227,1105.9495503566168
2,1.25,-435.45431310356867,1.2813700735852264e-253,1227.0163375684458
2,1.2875000000000001,-498.94965964352559,3.4040501366859792e-281,1354.0070306483597
2,1.325,-565.19021729842859,5.8088114561216399e-310,1486.4881459581657
2,1.3624999999999998,-633.97389304548096,0,1624.0554974522704
2,1.3999999999999999,-705.14258543070741,0,1766.3928822227233
2,1.4375,-778.4294325728946,0,1912.9665765070977
2,1.4750000000000001,-853.66155166425563,0,2063.4308146898197
2,1.5125,-930.62069558284145,0,2217.3491025269914
2,1.55,-1009.0991799008992,0,2374.3060711631069
2,1.5874999999999999,-1088.9192650629525,0,2533.9462414872137
2,1.625,-1169.8872638586085,0,2695.8822390785258
2,1.6624999999999999,-1251.8169083258545,0,2859.7415280130172
2,1.7,-1334.6330224200919,0,3025.3737562014921
2,1.7375,-1418.1082777510992,0,3192.3242668635066
2,1.7749999999999999,-1502.2221020787897,0,3360.5519155188881
2,1.8125,-1586.8525364890497,0,3529.8127843394082
2,1.8499999999999999,-1671.9352655475018,0,3699.9782424563123
2,1.8875,-1757.5116378985044,0,3871.1309871583176
2,1.925,-1843.6027905547185,0,4043.3132924707456
2,1.9624999999999999,-1930.1876474166756,0,4216.4830061946595
2,2,-2017.4189956598443,0,4390.9457026809969
